Configuration,Term,J,g,Prefix,Level (eV),Suffix
"=""3d5""","=""a 6S""","=""5/2""",6,"=""""","=""0.00000000""","=""""",
"=""3d4.(5D).4s""","=""a 6D""","=""1/2""",2,"=""""","=""1.48306754""","=""""",
"=""3d4.(5D).4s""","=""a 6D""","=""3/2""",4,"=""""","=""1.49184541""","=""""",
"=""3d4.(5D).4s""","=""a 6D""","=""5/2""",6,"=""""","=""1.50613169""","=""""",
"=""3d4.(5D).4s""","=""a 6D""","=""7/2""",8,"=""""","=""1.52547926""","=""""",
"=""3d4.(5D).4s""","=""a 6D""","=""9/2""",10,"=""""","=""1.54936314""","=""""",
"=""3d4.(5D).4s""","=""a 4D""","=""1/2""",2,"=""""","=""2.42119186""","=""""",
"=""3d4.(5D).4s""","=""a 4D""","=""3/2""",4,"=""""","=""2.43395932""","=""""",
"=""3d4.(5D).4s""","=""a 4D""","=""5/2""",6,"=""""","=""2.45462173""","=""""",
"=""3d4.(5D).4s""","=""a 4D""","=""7/2""",8,"=""""","=""2.48266104""","=""""",
"=""3d5""","=""a 4G""","=""5/2""",6,"=""""","=""2.54317169""","=""""",
"=""3d5""","=""a 4G""","=""11/2""",12,"=""""","=""2.54317577""","=""""",
"=""3d5""","=""a 4G""","=""7/2""",8,"=""""","=""2.54388199""","=""""",
"=""3d5""","=""a 4G""","=""9/2""",10,"=""""","=""2.54406517""","=""""",
"=""3d5""","=""a 4P""","=""5/2""",6,"=""""","=""2.70564569""","=""""",
"=""3d5""","=""a 4P""","=""1/2""",2,"=""""","=""2.70579643""","=""""",
"=""3d5""","=""a 4P""","=""3/2""",4,"=""""","=""2.70584858""","=""""",
"=""3d5""","=""b 4D""","=""7/2""",8,"=""""","=""3.10377925""","=""""",
"=""3d5""","=""b 4D""","=""1/2""",2,"=""""","=""3.10398702""","=""""",
"=""3d5""","=""b 4D""","=""3/2""",4,"=""""","=""3.10490646""","=""""",
"=""3d5""","=""b 4D""","=""5/2""",6,"=""""","=""3.10539681""","=""""",
"=""3d4.(a 3P).4s""","=""b 4P""","=""1/2""",2,"=""""","=""3.71355192""","=""""",
"=""3d5""","=""a 2I""","=""11/2""",12,"=""""","=""3.73728631""","=""""",
"=""3d5""","=""a 2I""","=""13/2""",14,"=""""","=""3.73810805""","=""""",
"=""3d4.(3H).4s""","=""a 4H""","=""7/2""",8,"=""""","=""3.73895849""","=""""",
"=""3d4.(3H).4s""","=""a 4H""","=""9/2""",10,"=""""","=""3.74665105""","=""""",
"=""3d4.(3H).4s""","=""a 4H""","=""11/2""",12,"=""""","=""3.75653126""","=""""",
"=""3d4.(a 3P).4s""","=""b 4P""","=""3/2""",4,"=""""","=""3.75763463""","=""""",
"=""3d4.(3H).4s""","=""a 4H""","=""13/2""",14,"=""""","=""3.76810682""","=""""",
"=""3d4.(a 3P).4s""","=""b 4P""","=""5/2""",6,"=""""","=""3.82670196""","=""""",
"=""3d4.(a 3F).4s""","=""a 4F""","=""3/2""",4,"=""""","=""3.85378648""","=""""",
"=""3d4.(a 3F).4s""","=""a 4F""","=""5/2""",6,"=""""","=""3.85805665""","=""""",
"=""3d4.(a 3F).4s""","=""a 4F""","=""7/2""",8,"=""""","=""3.86441085""","=""""",
"=""3d4.(a 3F).4s""","=""a 4F""","=""9/2""",10,"=""""","=""3.87070388""","=""""",
"=""3d5""","=""a 2D""","=""5/2""",6,"=""""","=""3.88701293""","=""""",
"=""3d5""","=""a 2D""","=""3/2""",4,"=""""","=""3.90936761""","=""""",
"=""3d5""","=""a 2F""","=""7/2""",8,"=""""","=""4.01158980""","=""""",
"=""3d5""","=""a 2F""","=""5/2""",6,"=""""","=""4.04230010""","=""""",
"=""3d5""","=""b 4F""","=""7/2""",8,"=""""","=""4.07122606""","=""""",
"=""3d5""","=""b 4F""","=""3/2""",4,"=""""","=""4.07222465""","=""""",
"=""3d5""","=""b 4F""","=""9/2""",10,"=""""","=""4.07340781""","=""""",
"=""3d5""","=""b 4F""","=""5/2""",6,"=""""","=""4.07349339""","=""""",
"=""3d4.(3G).4s""","=""b 4G""","=""5/2""",6,"=""""","=""4.14330156""","=""""",
"=""3d4.(3G).4s""","=""b 4G""","=""7/2""",8,"=""""","=""4.15608552""","=""""",
"=""3d4.(3G).4s""","=""b 4G""","=""9/2""",10,"=""""","=""4.16821687""","=""""",
"=""3d4.(3G).4s""","=""b 4G""","=""11/2""",12,"=""""","=""4.17754120""","=""""",
"=""3d4.(3H).4s""","=""a 2H""","=""9/2""",10,"=""""","=""4.29368629""","=""""",
"=""3d4.(a 3P).4s""","=""a 2P""","=""1/2""",2,"=""""","=""4.29719825""","=""""",
"=""3d4.(3H).4s""","=""a 2H""","=""11/2""",12,"=""""","=""4.31625276""","=""""",
"=""3d4.(a 3P).4s""","=""a 2P""","=""3/2""",4,"=""""","=""4.38357248""","=""""",
"=""3d4.(a 3F).4s""","=""b 2F""","=""5/2""",6,"=""""","=""4.41001659""","=""""",
"=""3d4.(a 3F).4s""","=""b 2F""","=""7/2""",8,"=""""","=""4.41476847""","=""""",
"=""3d5""","=""b 2H""","=""9/2""",10,"=""""","=""4.41511558""","=""""",
"=""3d5""","=""b 2H""","=""11/2""",12,"=""""","=""4.42716182""","=""""",
"=""3d5""","=""a 2G""","=""7/2""",8,"=""""","=""4.47601849""","=""""",
"=""3d5""","=""a 2G""","=""9/2""",10,"=""""","=""4.49721898""","=""""",
"=""3d4.(3D).4s""","=""c 4D""","=""7/2""",8,"=""""","=""4.74482189""","=""""",
"=""3d4.(3D).4s""","=""c 4D""","=""5/2""",6,"=""""","=""4.75043408""","=""""",
"=""3d4.(3D).4s""","=""c 4D""","=""3/2""",4,"=""""","=""4.75632941""","=""""",
"=""3d4.(3D).4s""","=""c 4D""","=""1/2""",2,"=""""","=""4.76052084""","=""""",
"=""3d4.(3G).4s""","=""b 2G""","=""7/2""",8,"=""""","=""4.77449784""","=""""",
"=""3d4.(3G).4s""","=""b 2G""","=""9/2""",10,"=""""","=""4.78120297""","=""""",
"=""3d4.(a 1G).4s""","=""c 2G""","=""7/2""",8,"=""""","=""4.92015384""","=""""",
"=""3d5""","=""c 2F""","=""5/2""",6,"=""""","=""4.92738501""","=""""",
"=""3d4.(a 1G).4s""","=""c 2G""","=""9/2""",10,"=""""","=""4.93759135""","=""""",
"=""3d5""","=""c 2F""","=""7/2""",8,"=""""","=""4.94412218""","=""""",
"=""3d4.(1I).4s""","=""b 2I""","=""13/2""",14,"=""""","=""4.98442592""","=""""",
"=""3d4.(1I).4s""","=""b 2I""","=""11/2""",12,"=""""","=""4.98767267""","=""""",
"=""3d4.(a 1S).4s""","=""a 2S""","=""1/2""",2,"=""""","=""5.0108313""","=""""",
"=""3d4.(3D).4s""","=""b 2D""","=""5/2""",6,"=""""","=""5.31866860""","=""""",
"=""3d4.(3D).4s""","=""b 2D""","=""3/2""",4,"=""""","=""5.32965859""","=""""",
"=""3d5""","=""b 2S""","=""1/2""",2,"=""""","=""5.4933774""","=""""",
"=""3d4.(a 1D).4s""","=""c 2D""","=""3/2""",4,"=""""","=""5.66228372""","=""""",
"=""3d4.(a 1D).4s""","=""c 2D""","=""5/2""",6,"=""""","=""5.66987064""","=""""",
"=""3d4.(5D).4p""","=""z 6F*""","=""1/2""",2,"=""""","=""5.80535009""","=""""",
"=""3d4.(5D).4p""","=""z 6F*""","=""3/2""",4,"=""""","=""5.81549585""","=""""",
"=""3d4.(5D).4p""","=""z 6F*""","=""5/2""",6,"=""""","=""5.83225085""","=""""",
"=""3d4.(5D).4p""","=""z 6F*""","=""7/2""",8,"=""""","=""5.85542884""","=""""",
"=""3d5""","=""d 2D""","=""5/2""",6,"=""""","=""5.87119311""","=""""",
"=""3d5""","=""d 2D""","=""3/2""",4,"=""""","=""5.8734334""","=""""",
"=""3d4.(5D).4p""","=""z 6F*""","=""9/2""",10,"=""""","=""5.88485505""","=""""",
"=""3d4.(5D).4p""","=""z 6F*""","=""11/2""",12,"=""""","=""5.92044389""","=""""",
"=""3d4.(5D).4p""","=""z 6P*""","=""3/2""",4,"=""""","=""6.00069536""","=""""",
"=""3d4.(5D).4p""","=""z 6P*""","=""5/2""",6,"=""""","=""6.01212482""","=""""",
"=""3d4.(5D).4p""","=""z 6P*""","=""7/2""",8,"=""""","=""6.02960685""","=""""",
"=""3d4.(5D).4p""","=""z 4P*""","=""1/2""",2,"=""""","=""6.04414014""","=""""",
"=""3d4.(5D).4p""","=""z 4P*""","=""3/2""",4,"=""""","=""6.07595067""","=""""",
"=""3d4.(5D).4p""","=""z 6D*""","=""5/2""",6,"=""""","=""6.11883513""","=""""",
"=""3d4.(5D).4p""","=""z 6D*""","=""1/2""",2,"=""""","=""6.13631411""","=""""",
"=""3d4.(5D).4p""","=""z 6D*""","=""3/2""",4,"=""""","=""6.14521527""","=""""",
"=""3d4.(5D).4p""","=""z 6D*""","=""7/2""",8,"=""""","=""6.15529544""","=""""",
"=""3d4.(5D).4p""","=""z 4P*""","=""5/2""",6,"=""""","=""6.16279089""","=""""",
"=""3d4.(5D).4p""","=""z 6D*""","=""9/2""",10,"=""""","=""6.17917158""","=""""",
"=""3d4.(1F).4s""","=""d 2F""","=""7/2""",8,"=""""","=""6.28193530""","=""""",
"=""3d4.(1F).4s""","=""d 2F""","=""5/2""",6,"=""""","=""6.28446415""","=""""",
"=""3d4.(5D).4p""","=""z 4F*""","=""3/2""",4,"=""""","=""6.39561334""","=""""",
"=""3d4.(5D).4p""","=""z 4F*""","=""5/2""",6,"=""""","=""6.40618989""","=""""",
"=""3d4.(5D).4p""","=""z 4F*""","=""7/2""",8,"=""""","=""6.42099470""","=""""",
"=""3d4.(5D).4p""","=""z 4F*""","=""9/2""",10,"=""""","=""6.44006956""","=""""",
"=""3d5""","=""d 2G""","=""7/2""",8,"=""""","=""6.48409747""","=""""",
"=""3d5""","=""d 2G""","=""9/2""",10,"=""""","=""6.4869745""","=""""",
"=""3d3.4s2""","=""c 4F""","=""3/2""",4,"=""""","=""6.5775271""","=""""",
"=""3d3.4s2""","=""c 4F""","=""5/2""",6,"=""""","=""6.6047631""","=""""",
"=""3d3.4s2""","=""c 4F""","=""7/2""",8,"=""""","=""6.64136871""","=""""",
"=""3d3.4s2""","=""c 4F""","=""9/2""",10,"=""""","=""6.68566402""","=""""",
"=""3d4.(5D).4p""","=""z 4D*""","=""1/2""",2,"=""""","=""6.74696652""","=""""",
"=""3d4.(5D).4p""","=""z 4D*""","=""3/2""",4,"=""""","=""6.75707567""","=""""",
"=""3d4.(5D).4p""","=""z 4D*""","=""5/2""",6,"=""""","=""6.77271056""","=""""",
"=""3d4.(5D).4p""","=""z 4D*""","=""7/2""",8,"=""""","=""6.79240608""","=""""",
"=""3d4.(a 3F).4s""","=""d 4F""","=""9/2""",10,"=""""","=""6.80270407""","=""""",
"=""3d4.(a 3F).4s""","=""d 4F""","=""3/2""",4,"=""""","=""6.8028266""","=""""",
"=""3d4.(a 3F).4s""","=""d 4F""","=""5/2""",6,"=""""","=""6.80468440""","=""""",
"=""3d4.(a 3F).4s""","=""d 4F""","=""7/2""",8,"=""""","=""6.80524292""","=""""",
"=""3d4.(a 3P).4s""","=""c 4P""","=""5/2""",6,"=""""","=""6.82198589""","=""""",
"=""3d4.(a 3P).4s""","=""c 4P""","=""3/2""",4,"=""""","=""6.86855974""","=""""",
"=""3d4.(a 3P).4s""","=""c 4P""","=""1/2""",2,"=""""","=""6.8967566""","=""""",
"=""3d4.(a 3P).4s""","=""b 2P""","=""3/2""",4,"=""""","=""7.3312259""","=""""",
"=""3d4.(a 3P).4s""","=""b 2P""","=""1/2""",2,"=""""","=""7.3803673""","=""""",
"=""3d4.(a 3F).4s""","=""e 2F""","=""7/2""",8,"=""""","=""7.38575792""","=""""",
"=""3d4.(a 3F).4s""","=""e 2F""","=""5/2""",6,"=""""","=""7.3866918""","=""""",
"=""3d4.(b 1G).4s""","=""e 2G""","=""9/2""",10,"=""""","=""7.7724396""","=""""",
"=""3d4.(b 1G).4s""","=""e 2G""","=""7/2""",8,"=""""","=""7.7740240""","=""""",
"=""3d4.(3H).4p""","=""z 4H*""","=""7/2""",8,"=""""","=""7.88550172""","=""""",
"=""3d4.(3H).4p""","=""z 4H*""","=""9/2""",10,"=""""","=""7.89856848""","=""""",
"=""3d4.(a 3P).4p""","=""y 4D*""","=""1/2""",2,"=""""","=""7.91040883""","=""""",
"=""3d4.(3H).4p""","=""z 4H*""","=""11/2""",12,"=""""","=""7.91622942""","=""""",
"=""3d4.(3H).4p""","=""z 4H*""","=""13/2""",14,"=""""","=""7.93877087""","=""""",
"=""3d4.(a 3P).4p""","=""y 4D*""","=""3/2""",4,"=""""","=""7.9426370""","=""""",
"=""3d4.(a 3P).4p""","=""y 4D*""","=""5/2""",6,"=""""","=""7.99062665""","=""""",
"=""3d4.(a 3P).4p""","=""y 4D*""","=""7/2""",8,"=""""","=""8.04960724""","=""""",
"=""3d4.(a 3P).4p""","=""z 2S*""","=""1/2""",2,"=""""","=""8.06260997""","=""""",
"=""3d4.(a 3F).4p""","=""z 4G*""","=""5/2""",6,"=""""","=""8.07837512""","=""""",
"=""3d4.(3H).4p""","=""z 4I*""","=""9/2""",10,"=""""","=""8.08594033""","=""""",
"=""3d4.(a 3F).4p""","=""z 4G*""","=""7/2""",8,"=""""","=""8.09081840""","=""""",
"=""3d4.(a 3F).4p""","=""z 4G*""","=""9/2""",10,"=""""","=""8.10657087""","=""""",
"=""3d4.(3H).4p""","=""z 4I*""","=""11/2""",12,"=""""","=""8.11098619""","=""""",
"=""3d4.(3H).4p""","=""z 2G*""","=""7/2""",8,"=""""","=""8.12628376""","=""""",
"=""3d4.(3H).4p""","=""z 4I*""","=""13/2""",14,"=""""","=""8.13558841""","=""""",
"=""3d4.(3H).4p""","=""z 2G*""","=""9/2""",10,"=""""","=""8.14328328""","=""""",
"=""3d4.(a 3F).4p""","=""z 4G*""","=""11/2""",12,"=""""","=""8.14693247""","=""""",
"=""3d4.(3H).4p""","=""z 4I*""","=""15/2""",16,"=""""","=""8.15972855""","=""""",
"=""3d3.4s2""","=""d 4P""","=""1/2""",2,"=""""","=""8.16837819""","=""""",
"=""3d3.4s2""","=""d 4P""","=""3/2""",4,"=""""","=""8.18422748""","=""""",
"=""3d4.(a 3P).4p""","=""y 4P*""","=""1/2""",2,"=""""","=""8.21475184""","=""""",
"=""3d3.4s2""","=""d 4P""","=""5/2""",6,"=""""","=""8.21476635""","=""""",
"=""3d4.(a 3P).4p""","=""y 4P*""","=""3/2""",4,"=""""","=""8.22694136""","=""""",
"=""3d4.(a 3P).4p""","=""z 2P*""","=""3/2""",4,"=""""","=""8.26347138""","=""""",
"=""3d4.(a 3P).4p""","=""y 4P*""","=""5/2""",6,"=""""","=""8.27306662""","=""""",
"=""3d4.(a 3P).4p""","=""z 2P*""","=""1/2""",2,"=""""","=""8.29105019""","=""""",
"=""3d4.(a 3F).4p""","=""y 4F*""","=""5/2""",6,"=""""","=""8.30843845""","=""""",
"=""3d4.(a 3F).4p""","=""y 4F*""","=""3/2""",4,"=""""","=""8.31567467""","=""""",
"=""3d4.(3H).4p""","=""y 4G*""","=""7/2""",8,"=""""","=""8.34832442""","=""""",
"=""3d4.(3H).4p""","=""y 4G*""","=""5/2""",6,"=""""","=""8.34959270""","=""""",
"=""3d4.(3H).4p""","=""y 4G*""","=""9/2""",10,"=""""","=""8.35074083""","=""""",
"=""3d4.(3H).4p""","=""y 4G*""","=""11/2""",12,"=""""","=""8.35269998""","=""""",
"=""3d4.(a 3F).4p""","=""z 2D*""","=""3/2""",4,"=""""","=""8.35396788""","=""""",
"=""3d4.(a 3F).4p""","=""z 2D*""","=""5/2""",6,"=""""","=""8.35493441""","=""""",
"=""3d4.(a 3F).4p""","=""y 4F*""","=""7/2""",8,"=""""","=""8.35572282""","=""""",
"=""3d4.(a 3F).4p""","=""y 4F*""","=""9/2""",10,"=""""","=""8.36255323""","=""""",
"=""3d4.(3H).4p""","=""z 2I*""","=""11/2""",12,"=""""","=""8.36968833""","=""""",
"=""3d4.(3H).4p""","=""z 2I*""","=""13/2""",14,"=""""","=""8.37995220""","=""""",
"=""3d4.(a 3F).4p""","=""x 4D*""","=""1/2""",2,"=""""","=""8.41351307""","=""""",
"=""3d4.(a 3F).4p""","=""x 4D*""","=""5/2""",6,"=""""","=""8.41453313""","=""""",
"=""3d4.(a 3F).4p""","=""x 4D*""","=""3/2""",4,"=""""","=""8.41483366""","=""""",
"=""3d4.(a 3F).4p""","=""x 4D*""","=""7/2""",8,"=""""","=""8.41547321""","=""""",
"=""3d4.(a 3P).4p""","=""z 4S*""","=""3/2""",4,"=""""","=""8.46880909""","=""""",
"=""3d4.(3H).4p""","=""z 2H*""","=""9/2""",10,"=""""","=""8.49005057""","=""""",
"=""3d4.(a 3F).4p""","=""z 2F*""","=""5/2""",6,"=""""","=""8.50324731""","=""""",
"=""3d4.(3H).4p""","=""z 2H*""","=""11/2""",12,"=""""","=""8.52239749""","=""""",
"=""3d4.(a 3F).4p""","=""z 2F*""","=""7/2""",8,"=""""","=""8.52512858""","=""""",
"=""3d4.(3G).4p""","=""y 4H*""","=""7/2""",8,"=""""","=""8.53547798""","=""""",
"=""3d4.(3G).4p""","=""y 4H*""","=""9/2""",10,"=""""","=""8.55396083""","=""""",
"=""3d4.(3G).4p""","=""y 4H*""","=""11/2""",12,"=""""","=""8.57603073""","=""""",
"=""3d4.(a 3P).4p""","=""2D*""","=""3/2""",4,"=""""","=""8.59807389""","=""""",
"=""3d4.(3G).4p""","=""y 4H*""","=""13/2""",14,"=""""","=""8.60303422""","=""""",
"=""3d4.(3G).4p""","=""4F*""","=""5/2""",6,"=""""","=""8.61416177""","=""""",
"=""3d4.(3G).4p""","=""4F*""","=""9/2""",10,"=""""","=""8.61668032""","=""""",
"=""3d4.(3G).4p""","=""4F*""","=""7/2""",8,"=""""","=""8.61765378""","=""""",
"=""3d4.(3G).4p""","=""4F*""","=""3/2""",4,"=""""","=""8.63408484""","=""""",
"=""3d4.(a 3F).4p""","=""y 2G*""","=""7/2""",8,"=""""","=""8.66692728""","=""""",
"=""3d4.(a 3P).4p""","=""2D*""","=""5/2""",6,"=""""","=""8.67319703""","=""""",
"=""3d4.(a 3F).4p""","=""y 2G*""","=""9/2""",10,"=""""","=""8.69223739""","=""""",
"=""3d4.(3G).4p""","=""x 4G*""","=""5/2""",6,"=""""","=""8.71817474""","=""""",
"=""3d4.(3G).4p""","=""y 2H*""","=""9/2""",10,"=""""","=""8.72776170""","=""""",
"=""3d4.(3G).4p""","=""y 2H*""","=""11/2""",12,"=""""","=""8.72833855""","=""""",
"=""3d4.(3G).4p""","=""x 4G*""","=""7/2""",8,"=""""","=""8.73183399""","=""""",
"=""3d4.(3G).4p""","=""y 2F*""","=""5/2""",6,"=""""","=""8.75134944""","=""""",
"=""3d4.(3G).4p""","=""x 4G*""","=""9/2""",10,"=""""","=""8.76309041""","=""""",
"=""3d4.(3G).4p""","=""y 2F*""","=""7/2""",8,"=""""","=""8.78454853""","=""""",
"=""3d4.(3G).4p""","=""x 4G*""","=""11/2""",12,"=""""","=""8.78796558""","=""""",
"=""3d4.(3G).4p""","=""x 2G*""","=""7/2""",8,"=""""","=""9.00726916""","=""""",
"=""3d4.(3G).4p""","=""x 2G*""","=""9/2""",10,"=""""","=""9.01572397""","=""""",
"=""3d4.(3D).4p""","=""w 4D*""","=""1/2""",2,"=""""","=""9.10129447""","=""""",
"=""3d4.(3D).4p""","=""w 4D*""","=""3/2""",4,"=""""","=""9.10191318""","=""""",
"=""3d4.(3D).4p""","=""w 4D*""","=""5/2""",6,"=""""","=""9.10491927""","=""""",
"=""3d4.(3D).4p""","=""w 4D*""","=""7/2""",8,"=""""","=""9.11105418""","=""""",
"=""3d4.(a 1G).4p""","=""x 2F*""","=""7/2""",8,"=""""","=""9.18900923""","=""""",
"=""3d4.(3D).4p""","=""w 4F*""","=""3/2""",4,"=""""","=""9.20872064""","=""""",
"=""3d4.(3D).4p""","=""w 4F*""","=""5/2""",6,"=""""","=""9.21436212""","=""""",
"=""3d4.(1I).4p""","=""2I*""","=""11/2""",12,"=""""","=""9.22711878""","=""""",
"=""3d4.(3D).4p""","=""w 4F*""","=""7/2""",8,"=""""","=""9.22735958""","=""""",
"=""3d4.(1I).4p""","=""2K*""","=""13/2""",14,"=""""","=""9.22741854""","=""""",
"=""3d4.(a 1G).4p""","=""x 2F*""","=""5/2""",6,"=""""","=""9.22890141""","=""""",
"=""3d4.(a 1G).4p""","=""x 2H*""","=""9/2""",10,"=""""","=""9.23134303""","=""""",
"=""3d4.(3D).4p""","=""x 4P*""","=""5/2""",6,"=""""","=""9.23482757""","=""""",
"=""3d4.(3D).4p""","=""w 4F*""","=""9/2""",10,"=""""","=""9.23733099""","=""""",
"=""3d4.(a 1G).4p""","=""x 2H*""","=""11/2""",12,"=""""","=""9.26253511""","=""""",
"=""3d4.(3D).4p""","=""x 4P*""","=""3/2""",4,"=""""","=""9.26379646""","=""""",
"=""3d4.(1I).4p""","=""2I*""","=""13/2""",14,"=""""","=""9.2669740""","=""""",
"=""3d4.(3D).4p""","=""y 2P*""","=""1/2""",2,"=""""","=""9.2806952""","=""""",
"=""3d4.(3D).4p""","=""x 4P*""","=""1/2""",2,"=""""","=""9.2889444""","=""""",
"=""3d4.(1I).4p""","=""2K*""","=""15/2""",16,"=""""","=""9.29371306""","=""""",
"=""3d4.(3D).4p""","=""y 2P*""","=""3/2""",4,"=""""","=""9.29691748""","=""""",
"=""3d4.(a 1G).4p""","=""w 2G*""","=""7/2""",8,"=""""","=""9.38764889""","=""""",
"=""3d4.(a 1G).4p""","=""w 2G*""","=""9/2""",10,"=""""","=""9.39923892""","=""""",
"=""3d4.(3D).4p""","=""w 2F*""","=""7/2""",8,"=""""","=""9.53177721""","=""""",
"=""3d4.(3D).4p""","=""w 2F*""","=""5/2""",6,"=""""","=""9.54525142""","=""""",
"=""3d4.(1I).4p""","=""w 2H*""","=""11/2""",12,"=""""","=""9.55656021""","=""""",
"=""3d4.(1I).4p""","=""w 2H*""","=""9/2""",10,"=""""","=""9.58028602""","=""""",
"=""3d4.(a 1S).4p""","=""x 2P*""","=""3/2""",4,"=""""","=""9.6352180""","=""""",
"=""3d4.(a 1S).4p""","=""x 2P*""","=""1/2""",2,"=""""","=""9.6431557""","=""""",
"=""3d4.(3D).4p""","=""x 2D*""","=""5/2""",6,"=""""","=""9.66273328""","=""""",
"=""3d4.(3D).4p""","=""x 2D*""","=""3/2""",4,"=""""","=""9.68433959""","=""""",
"=""3d4.(a 1D).4p""","=""w 2D*""","=""3/2""",4,"=""""","=""9.95444580""","=""""",
"=""3d4.(a 1D).4p""","=""w 2D*""","=""5/2""",6,"=""""","=""9.97082917""","=""""",
"=""3d4.(a 1D).4p""","=""v 2F*""","=""5/2""",6,"=""""","=""10.07159336""","=""""",
"=""3d4.(a 1D).4p""","=""v 2F*""","=""7/2""",8,"=""""","=""10.09630804""","=""""",
"=""3d3.(4F).4s.4p.(3P*)""","=""y 6D*""","=""1/2""",2,"=""""","=""10.123141""","=""""",
"=""3d3.(4F).4s.4p.(3P*)""","=""y 6D*""","=""3/2""",4,"=""""","=""10.130402""","=""""",
"=""3d3.(4F).4s.4p.(3P*)""","=""y 6F*""","=""1/2""",2,"=""""","=""10.133805""","=""""",
"=""3d3.(4F).4s.4p.(3P*)""","=""y 6D*""","=""5/2""",6,"=""""","=""10.143878""","=""""",
"=""3d3.(4F).4s.4p.(3P*)""","=""y 6F*""","=""3/2""",4,"=""""","=""10.144892""","=""""",
"=""3d3.(4F).4s.4p.(3P*)""","=""y 6F*""","=""5/2""",6,"=""""","=""10.161977""","=""""",
"=""3d3.(4F).4s.4p.(3P*)""","=""y 6D*""","=""7/2""",8,"=""""","=""10.163907""","=""""",
"=""3d3.(4F).4s.4p.(3P*)""","=""y 6F*""","=""7/2""",8,"=""""","=""10.1843895""","=""""",
"=""3d3.(4F).4s.4p.(3P*)""","=""y 6D*""","=""9/2""",10,"=""""","=""10.190532""","=""""",
"=""3d3.(4F).4s.4p.(3P*)""","=""y 6F*""","=""9/2""",10,"=""""","=""10.2115921""","=""""",
"=""3d3.(4F).4s.4p.(3P*)""","=""y 6F*""","=""11/2""",12,"=""""","=""10.242650""","=""""",
"=""3d4.(5D).5s""","=""e 6D""","=""1/2""",2,"=""""","=""10.25250292""","=""""",
"=""3d4.(5D).5s""","=""e 6D""","=""3/2""",4,"=""""","=""10.26138684""","=""""",
"=""3d4.(a 1D).4p""","=""w 2P*""","=""1/2""",2,"=""""","=""10.2725740""","=""""",
"=""3d4.(5D).5s""","=""e 6D""","=""5/2""",6,"=""""","=""10.27594646""","=""""",
"=""3d4.(a 1D).4p""","=""w 2P*""","=""3/2""",4,"=""""","=""10.28075860""","=""""",
"=""3d4.(5D).5s""","=""e 6D""","=""7/2""",8,"=""""","=""10.29581141""","=""""",
"=""3d4.(5D).5s""","=""e 6D""","=""9/2""",10,"=""""","=""10.32049674""","=""""",
"=""3d4.(5D).5s""","=""e 4D""","=""1/2""",2,"=""""","=""10.44068248""","=""""",
"=""3d4.(5D).5s""","=""e 4D""","=""3/2""",4,"=""""","=""10.45436475""","=""""",
"=""3d4.(5D).5s""","=""e 4D""","=""5/2""",6,"=""""","=""10.47612089""","=""""",
"=""3d4.(1F).4p""","=""u 2F*""","=""5/2""",6,"=""""","=""10.48963907""","=""""",
"=""3d4.(1F).4p""","=""u 2F*""","=""7/2""",8,"=""""","=""10.49862330""","=""""",
"=""3d4.(5D).5s""","=""e 4D""","=""7/2""",8,"=""""","=""10.50476915""","=""""",
"=""3d3.(4F).4s.4p.(3P*)""","=""u 4D*""","=""1/2""",2,"=""""","=""10.5989331""","=""""",
"=""3d4.(1F).4p""","=""v 2G*""","=""7/2""",8,"=""""","=""10.60971510""","=""""",
"=""3d3.(4F).4s.4p.(3P*)""","=""u 4D*""","=""3/2""",4,"=""""","=""10.6113763""","=""""",
"=""3d3.(4F).4s.4p.(3P*)""","=""u 4D*""","=""5/2""",6,"=""""","=""10.6351972""","=""""",
"=""3d4.(1F).4p""","=""v 2G*""","=""9/2""",10,"=""""","=""10.65507988""","=""""",
"=""3d3.(4F).4s.4p.(3P*)""","=""u 4D*""","=""7/2""",8,"=""""","=""10.6724131""","=""""",
"=""3d4.(5D).4d""","=""e 4S""","=""3/2""",4,"=""""","=""10.68313183""","=""""",
"=""3d4.(1F).4p""","=""v 2D*""","=""5/2""",6,"=""""","=""10.72554079""","=""""",
"=""3d3.(4F).4s.4p.(3P*)""","=""u 4G*""","=""5/2""",6,"=""""","=""10.7328730""","=""""",
"=""3d4.(5D).4d""","=""e 6G""","=""3/2""",4,"=""""","=""10.73633401""","=""""",
"=""3d4.(5D).4d""","=""e 6G""","=""5/2""",6,"=""""","=""10.74374811""","=""""",
"=""3d4.(5D).4d""","=""e 6P""","=""3/2""",4,"=""""","=""10.74542753""","=""""",
"=""3d4.(5D).4d""","=""e 6P""","=""5/2""",6,"=""""","=""10.74837835""","=""""",
"=""3d4.(5D).4d""","=""e 6G""","=""7/2""",8,"=""""","=""10.75417535""","=""""",
"=""3d4.(5D).4d""","=""e 6P""","=""7/2""",8,"=""""","=""10.75960278""","=""""",
"=""3d3.(4F).4s.4p.(3P*)""","=""u 4G*""","=""7/2""",8,"=""""","=""10.7614868""","=""""",
"=""3d4.(5D).4d""","=""e 6G""","=""9/2""",10,"=""""","=""10.76765690""","=""""",
"=""3d4.(1F).4p""","=""v 2D*""","=""3/2""",4,"=""""","=""10.77658294""","=""""",
"=""3d4.(5D).4d""","=""e 6G""","=""11/2""",12,"=""""","=""10.78415513""","=""""",
"=""3d3.(4F).4s.4p.(3P*)""","=""u 4G*""","=""9/2""",10,"=""""","=""10.7981015""","=""""",
"=""3d4.(5D).4d""","=""e 6G""","=""13/2""",14,"=""""","=""10.80361388""","=""""",
"=""3d3.(4F).4s.4p.(3P*)""","=""u 4G*""","=""11/2""",12,"=""""","=""10.84247196""","=""""",
"=""3d4.(5D).4d""","=""f 6D""","=""1/2""",2,"=""""","=""10.84285037""","=""""",
"=""3d4.(5D).4d""","=""f 6D""","=""3/2""",4,"=""""","=""10.84496502""","=""""",
"=""3d4.(5D).4d""","=""f 6D""","=""5/2""",6,"=""""","=""10.85045216""","=""""",
"=""3d4.(5D).4d""","=""f 6D""","=""7/2""",8,"=""""","=""10.85951131""","=""""",
"=""3d4.(5D).4d""","=""e 6F""","=""1/2""",2,"=""""","=""10.86034199""","=""""",
"=""3d3.(4F).4s.4p.(3P*)""","=""u 4F*""","=""3/2""",4,"=""""","=""10.8645782""","=""""",
"=""3d4.(5D).4d""","=""e 6F""","=""3/2""",4,"=""""","=""10.86922433""","=""""",
"=""3d4.(5D).4d""","=""f 6D""","=""9/2""",10,"=""""","=""10.87186553""","=""""",
"=""3d4.(5D).4d""","=""e 6F""","=""5/2""",6,"=""""","=""10.88073694""","=""""",
"=""3d3.(4F).4s.4p.(3P*)""","=""u 4F*""","=""5/2""",6,"=""""","=""10.8816693""","=""""",
"=""3d4.(5D).4d""","=""e 6F""","=""7/2""",8,"=""""","=""10.89306177""","=""""",
"=""3d3.(4F).4s.4p.(3P*)""","=""u 4F*""","=""7/2""",8,"=""""","=""10.9002770""","=""""",
"=""3d4.(5D).4d""","=""e 6F""","=""9/2""",10,"=""""","=""10.90422840""","=""""",
"=""3d4.(5D).4d""","=""e 6F""","=""11/2""",12,"=""""","=""10.91077539""","=""""",
"=""3d3.(4F).4s.4p.(3P*)""","=""u 4F*""","=""9/2""",10,"=""""","=""10.9197142""","=""""",
"=""3d3.(4F).4s.4p.(3P*)""","=""u 2D*""","=""3/2""",4,"=""""","=""10.9855269""","=""""",
"=""3d4.(5D).4d""","=""e 4G""","=""5/2""",6,"=""""","=""11.04153002""","=""""",
"=""3d3.(4F).4s.4p.(3P*)""","=""u 2D*""","=""5/2""",6,"=""""","=""11.0549910""","=""""",
"=""3d4.(5D).4d""","=""e 4G""","=""7/2""",8,"=""""","=""11.05616592""","=""""",
"=""3d4.(5D).4d""","=""e 4P""","=""1/2""",2,"=""""","=""11.06614392""","=""""",
"=""3d4.(5D).4d""","=""e 4P""","=""3/2""",4,"=""""","=""11.06905157""","=""""",
"=""3d4.(5D).4d""","=""e 4G""","=""9/2""",10,"=""""","=""11.07492308""","=""""",
"=""3d4.(5D).4d""","=""e 4P""","=""5/2""",6,"=""""","=""11.07635278""","=""""",
"=""3d4.(b 3P).4p""","=""y 4P*""","=""3/2""",4,"=""""","=""11.0869552""","=""""",
"=""3d4.(b 3P).4p""","=""y 4P*""","=""5/2""",6,"=""""","=""11.09076210""","=""""",
"=""3d4.(b 3P).4p""","=""y 4P*""","=""1/2""",2,"=""""","=""11.0975726""","=""""",
"=""3d4.(5D).4d""","=""e 4G""","=""11/2""",12,"=""""","=""11.09763950""","=""""",
"=""3d4.(5D).4d""","=""f 4D""","=""1/2""",2,"=""""","=""11.11538437""","=""""",
"=""3d4.(5D).4d""","=""f 4D""","=""3/2""",4,"=""""","=""11.12437986""","=""""",
"=""3d4.(5D).4d""","=""f 4D""","=""5/2""",6,"=""""","=""11.13531835""","=""""",
"=""3d4.(5D).4d""","=""f 4D""","=""7/2""",8,"=""""","=""11.14432080""","=""""",
"=""3d4.(b 3P).4p""","=""v 4D*""","=""7/2""",8,"=""""","=""11.1856566""","=""""",
"=""3d4.(b 3P).4p""","=""v 4D*""","=""5/2""",6,"=""""","=""11.1905888""","=""""",
"=""3d4.(b 3F).4p""","=""v 4F*""","=""3/2""",4,"=""""","=""11.1910765""","=""""",
"=""3d4.(b 3F).4p""","=""v 4F*""","=""5/2""",6,"=""""","=""11.2133483""","=""""",
"=""3d4.(b 3P).4p""","=""v 4D*""","=""3/2""",4,"=""""","=""11.2144476""","=""""",
"=""3d4.(b 3P).4p""","=""v 4D*""","=""1/2""",2,"=""""","=""11.2175155""","=""""",
"=""3d4.(b 3F).4p""","=""v 4F*""","=""7/2""",8,"=""""","=""11.21930916""","=""""",
"=""3d4.(5D).4d""","=""e 4F""","=""3/2""",4,"=""""","=""11.22212111""","=""""",
"=""3d4.(b 3F).4p""","=""v 4F*""","=""9/2""",10,"=""""","=""11.23154924""","=""""",
"=""3d4.(5D).4d""","=""e 4F""","=""5/2""",6,"=""""","=""11.23407899""","=""""",
"=""3d4.(b 3F).4p""","=""t 2F*""","=""5/2""",6,"=""""","=""11.2462129""","=""""",
"=""3d4.(5D).4d""","=""e 4F""","=""7/2""",8,"=""""","=""11.24856712""","=""""",
"=""3d4.(b 3F).4p""","=""t 2F*""","=""7/2""",8,"=""""","=""11.2615832""","=""""",
"=""3d4.(5D).4d""","=""e 4F""","=""9/2""",10,"=""""","=""11.26408390""","=""""",
"=""3d4.(b 3F).4p""","=""w 4G*""","=""5/2""",6,"=""""","=""11.2923201""","=""""",
"=""3d4.(b 3F).4p""","=""w 4G*""","=""7/2""",8,"=""""","=""11.2977928""","=""""",
"=""3d4.(b 3F).4p""","=""w 4G*""","=""9/2""",10,"=""""","=""11.30605285""","=""""",
"=""3d4.(b 3F).4p""","=""w 4G*""","=""11/2""",12,"=""""","=""11.31876119""","=""""",
"=""3d4.(b 3P).4p""","=""t 2D*""","=""5/2""",6,"=""""","=""11.3353838""","=""""",
"=""3d4.(b 3P).4p""","=""t 2D*""","=""3/2""",4,"=""""","=""11.3515418""","=""""",
"=""3d3.(4F).4s.4p.(3P*)""","=""t 2G*""","=""7/2""",8,"=""""","=""11.3758200""","=""""",
"=""3d4.(5D).4d""","=""e 6S""","=""5/2""",6,"=""""","=""11.40100838""","=""""",
"=""3d3.(4F).4s.4p.(3P*)""","=""t 2G*""","=""9/2""",10,"=""""","=""11.4244201""","=""""",
"=""3d3.(4P).4s.4p.(3P*)""","=""x 6P*""","=""3/2""",4,"=""""","=""11.4356754""","=""""",
"=""3d3.(4P).4s.4p.(3P*)""","=""x 6P*""","=""5/2""",6,"=""""","=""11.45836615""","=""""",
"=""3d4.(b 3P).4p""","=""y 4S*""","=""3/2""",4,"=""""","=""11.48244951""","=""""",
"=""3d3.(4P).4s.4p.(3P*)""","=""x 6P*""","=""7/2""",8,"=""""","=""11.48754100""","=""""",
"=""3d4.(5D).5p""","=""6F*""","=""1/2""",2,"=""""","=""11.52914327""","=""""",
"=""3d4.(5D).5p""","=""6F*""","=""3/2""",4,"=""""","=""11.53639333""","=""""",
"=""3d4.(5D).5p""","=""6F*""","=""5/2""",6,"=""""","=""11.54836597""","=""""",
"=""3d4.(5D).5p""","=""6F*""","=""7/2""",8,"=""""","=""11.56485364""","=""""",
"=""3d4.(5D).5p""","=""6F*""","=""9/2""",10,"=""""","=""11.58559701""","=""""",
"=""3d4.(b 3F).4p""","=""t 4D*""","=""7/2""",8,"=""""","=""11.59645169""","=""""",
"=""3d4.(5D).5p""","=""6D*""","=""3/2""",4,"=""""","=""11.60174917""","=""""",
"=""3d4.(b 3F).4p""","=""u 2G*""","=""9/2""",10,"=""""","=""11.6100642""","=""""",
"=""3d4.(5D).5p""","=""6F*""","=""11/2""",12,"=""""","=""11.61029937""","=""""",
"=""3d4.(b 3F).4p""","=""t 4D*""","=""5/2""",6,"=""""","=""11.61372199""","=""""",
"=""3d4.(5D).5p""","=""4P*""","=""3/2""",4,"=""""","=""11.6223086""","=""""",
"=""3d4.(b 3F).4p""","=""t 4D*""","=""3/2""",4,"=""""","=""11.62599531""","=""""",
"=""3d4.(5D).5p""","=""6D*""","=""5/2""",6,"=""""","=""11.62675769""","=""""",
"=""3d4.(b 3F).4p""","=""t 4D*""","=""1/2""",2,"=""""","=""11.6297771""","=""""",
"=""3d4.(b 3F).4p""","=""u 2G*""","=""7/2""",8,"=""""","=""11.6299086""","=""""",
"=""3d3.(4F).4s.4p.(3P*)""","=""s 2F*""","=""5/2""",6,"=""""","=""11.6409612""","=""""",
"=""3d4.(5D).5p""","=""6D*""","=""7/2""",8,"=""""","=""11.65035206""","=""""",
"=""3d3.(4P).4s.4p.(3P*)""","=""x 6D*""","=""1/2""",2,"=""""","=""11.65063162""","=""""",
"=""3d4.(5D).5p""","=""4P*""","=""5/2""",6,"=""""","=""11.65129365""","=""""",
"=""3d4.(5D).5p""","=""6P*""","=""3/2""",4,"=""""","=""11.6548237""","=""""",
"=""3d3.(4P).4s.4p.(3P*)""","=""x 6D*""","=""3/2""",4,"=""""","=""11.6666786""","=""""",
"=""3d4.(5D).5p""","=""6P*""","=""5/2""",6,"=""""","=""11.67241813""","=""""",
"=""3d4.(5D).5p""","=""6D*""","=""9/2""",10,"=""""","=""11.67647983""","=""""",
"=""3d3.(4F).4s.4p.(3P*)""","=""s 2F*""","=""7/2""",8,"=""""","=""11.6816217""","=""""",
"=""3d4.(5D).5p""","=""4F*""","=""3/2""",4,"=""""","=""11.68626130""","=""""",
"=""3d3.(4P).4s.4p.(3P*)""","=""x 6D*""","=""5/2""",6,"=""""","=""11.68748151""","=""""",
"=""3d4.(5D).5p""","=""6P*""","=""7/2""",8,"=""""","=""11.69958135""","=""""",
"=""3d4.(5D).5p""","=""4F*""","=""5/2""",6,"=""""","=""11.69979291""","=""""",
"=""3d4.(b 3P).4p""","=""v 2P*""","=""3/2""",4,"=""""","=""11.7020192""","=""""",
"=""3d3.(4P).4s.4p.(3P*)""","=""x 6D*""","=""7/2""",8,"=""""","=""11.71063310""","=""""",
"=""3d4.(5D).5p""","=""4F*""","=""7/2""",8,"=""""","=""11.71927239""","=""""",
"=""3d4.(b 3P).4p""","=""v 2P*""","=""1/2""",2,"=""""","=""11.7319672""","=""""",
"=""3d3.(4P).4s.4p.(3P*)""","=""x 6D*""","=""9/2""",10,"=""""","=""11.73587498""","=""""",
"=""3d4.(5D).5p""","=""4F*""","=""9/2""",10,"=""""","=""11.74740732""","=""""",
"=""3d4.(5D).5p""","=""4D*""","=""1/2""",2,"=""""","=""11.75856812""","=""""",
"=""3d4.(5D).5p""","=""4D*""","=""3/2""",4,"=""""","=""11.77018471""","=""""",
"=""3d4.(5D).5p""","=""4D*""","=""5/2""",6,"=""""","=""11.78800963""","=""""",
"=""3d4.(5D).5p""","=""4D*""","=""7/2""",8,"=""""","=""11.80957832""","=""""",
"=""3d4.(b 3P).4p""","=""y 2S*""","=""1/2""",2,"=""""","=""11.932899""","=""""",
"=""3d3.(2G).4s.4p.(3P*)""","=""t 4G*""","=""5/2""",6,"=""""","=""12.0352658""","=""""",
"=""3d3.(4P).4s.4p.(3P*)""","=""w 4P*""","=""1/2""",2,"=""""","=""12.047355""","=""""",
"=""3d3.(4P).4s.4p.(3P*)""","=""w 4P*""","=""5/2""",6,"=""""","=""12.0491007""","=""""",
"=""3d3.(2G).4s.4p.(3P*)""","=""t 4G*""","=""7/2""",8,"=""""","=""12.0496646""","=""""",
"=""3d3.(4P).4s.4p.(3P*)""","=""w 4P*""","=""3/2""",4,"=""""","=""12.0629248""","=""""",
"=""3d3.(2G).4s.4p.(3P*)""","=""t 4G*""","=""9/2""",10,"=""""","=""12.0677694""","=""""",
"=""3d4.(b 1G).4p""","=""v 2H*""","=""9/2""",10,"=""""","=""12.0859975""","=""""",
"=""3d3.(2G).4s.4p.(3P*)""","=""t 4G*""","=""11/2""",12,"=""""","=""12.0876559""","=""""",
"=""3d4.(b 1G).4p""","=""s 2G*""","=""7/2""",8,"=""""","=""12.1167555""","=""""",
"=""3d3.(4P).4s.4p.(3P*)""","=""z 6S*""","=""5/2""",6,"=""""","=""12.1349550""","=""""",
"=""3d4.(b 1G).4p""","=""v 2H*""","=""11/2""",12,"=""""","=""12.1379731""","=""""",
"=""3d4.(b 1G).4p""","=""s 2G*""","=""9/2""",10,"=""""","=""12.1385919""","=""""",
"=""3d4.(b 3F).4p""","=""s 2D*""","=""5/2""",6,"=""""","=""12.1761669""","=""""",
"=""3d4.(b 3F).4p""","=""s 2D*""","=""3/2""",4,"=""""","=""12.1895078""","=""""",
"=""3d3.(2G).4s.4p.(3P*)""","=""t 4F*""","=""3/2""",4,"=""""","=""12.222175""","=""""",
"=""3d3.(2G).4s.4p.(3P*)""","=""t 4F*""","=""5/2""",6,"=""""","=""12.230031""","=""""",
"=""3d3.(2G).4s.4p.(3P*)""","=""t 4F*""","=""7/2""",8,"=""""","=""12.239637""","=""""",
"=""3d3.(2G).4s.4p.(3P*)""","=""t 4F*""","=""9/2""",10,"=""""","=""12.251194""","=""""",
"=""3d4.(b 1G).4p""","=""r 2F*""","=""7/2""",8,"=""""","=""12.2830229""","=""""",
"=""3d4.(b 1G).4p""","=""r 2F*""","=""5/2""",6,"=""""","=""12.3046797""","=""""",
"=""3d4.(a 3P).5s""","=""f 4P""","=""1/2""",2,"=""""","=""12.3584783""","=""""",
"=""3d4.(a 3P).5s""","=""f 4P""","=""3/2""",4,"=""""","=""12.40340029""","=""""",
"=""3d4.(3H).5s""","=""e 4H""","=""7/2""",8,"=""""","=""12.40695709""","=""""",
"=""3d4.(3H).5s""","=""e 4H""","=""9/2""",10,"=""""","=""12.41525406""","=""""",
"=""3d4.(3H).5s""","=""e 4H""","=""11/2""",12,"=""""","=""12.42589381""","=""""",
"=""3d4.(3H).5s""","=""e 4H""","=""13/2""",14,"=""""","=""12.43835214""","=""""",
"=""3d4.(a 3P).5s""","=""f 4P""","=""5/2""",6,"=""""","=""12.47906611""","=""""",
"=""3d3.(2P).4s.4p.(3P*)""","=""r 4D*""","=""3/2""",4,"=""""","=""12.4841946""","=""""",
"=""3d4.(a 3P).5s""","=""e 2P""","=""1/2""",2,"=""""","=""12.4954770""","=""""",
"=""3d4.(3H).5s""","=""e 2H""","=""9/2""",10,"=""""","=""12.52510648""","=""""",
"=""3d3.(2P).4s.4p.(3P*)""","=""r 4D*""","=""5/2""",6,"=""""","=""12.5316430""","=""""",
"=""3d3.(4P).4s.4p.(3P*)""","=""u 2P*""","=""3/2""",4,"=""""","=""12.5419642""","=""""",
"=""3d3.(2H).4s.4p.(3P*)""","=""w 4H*""","=""7/2""",8,"=""""","=""12.543522""","=""""",
"=""3d4.(3H).5s""","=""e 2H""","=""11/2""",12,"=""""","=""12.54655414""","=""""",
"=""3d4.(a 3F).5s""","=""f 4F""","=""3/2""",4,"=""""","=""12.5527805""","=""""",
"=""3d4.(a 3F).5s""","=""f 4F""","=""5/2""",6,"=""""","=""12.5566914""","=""""",
"=""3d3.(2H).4s.4p.(3P*)""","=""w 4H*""","=""9/2""",10,"=""""","=""12.559170""","=""""",
"=""3d4.(a 3F).5s""","=""f 4F""","=""7/2""",8,"=""""","=""12.5623036""","=""""",
"=""3d4.(a 3F).5s""","=""f 4F""","=""9/2""",10,"=""""","=""12.5698824""","=""""",
"=""3d4.(a 3P).5s""","=""e 2P""","=""3/2""",4,"=""""","=""12.5835058""","=""""",
"=""3d3.(2P).4s.4p.(3P*)""","=""r 4D*""","=""7/2""",8,"=""""","=""12.5861552""","=""""",
"=""3d3.(2G).4s.4p.(3P*)""","=""u 2H*""","=""9/2""",10,"=""""","=""12.608716""","=""""",
"=""3d3.(2H).4s.4p.(3P*)""","=""w 4H*""","=""11/2""",12,"=""""","=""12.619479""","=""""",
"=""3d3.(2G).4s.4p.(3P*)""","=""p 2F*""","=""7/2""",8,"=""""","=""12.629547""","=""""",
"=""3d3.(2H).4s.4p.(3P*)""","=""w 4H*""","=""13/2""",14,"=""""","=""12.634062""","=""""",
"=""3d3.(2G).4s.4p.(3P*)""","=""u 2H*""","=""11/2""",12,"=""""","=""12.6379855""","=""""",
"=""3d3.(2G).4s.4p.(3P*)""","=""r 2G*""","=""9/2""",10,"=""""","=""12.638709""","=""""",
"=""3d3.(a 2D).4s.4p.(3P*)""","=""s 4F*""","=""3/2""",4,"=""""","=""12.64477363""","=""""",
"=""3d3.(2G).4s.4p.(3P*)""","=""r 2G*""","=""7/2""",8,"=""""","=""12.661513""","=""""",
"=""3d3.(2G).4s.4p.(3P*)""","=""p 2F*""","=""5/2""",6,"=""""","=""12.664444""","=""""",
"=""3d4.(a 3F).5s""","=""f 2F""","=""5/2""",6,"=""""","=""12.6648257""","=""""",
"=""3d4.(a 3F).5s""","=""f 2F""","=""7/2""",8,"=""""","=""12.6765351""","=""""",
"=""3d3.(a 2D).4s.4p.(3P*)""","=""s 4F*""","=""5/2""",6,"=""""","=""12.683220""","=""""",
"=""3d3.(a 2D).4s.4p.(3P*)""","=""s 4F*""","=""7/2""",8,"=""""","=""12.7074542""","=""""",
"=""3d3.(4P).4s.4p.(3P*)""","=""q 4D*""","=""3/2""",4,"=""""","=""12.7210654""","=""""",
"=""3d3.(4P).4s.4p.(3P*)""","=""q 4D*""","=""1/2""",2,"=""""","=""12.723213""","=""""",
"=""3d3.(4P).4s.4p.(3P*)""","=""q 4D*""","=""5/2""",6,"=""""","=""12.727711""","=""""",
"=""3d3.(4F).4s.4p.(1P*)""","=""s 4G*""","=""5/2""",6,"=""""","=""12.7305734""","=""""",
"=""3d3.(2P).4s.4p.(3P*)""","=""x 4S*""","=""3/2""",4,"=""""","=""12.731242""","=""""",
"=""3d3.(a 2D).4s.4p.(3P*)""","=""s 4F*""","=""9/2""",10,"=""""","=""12.7363440""","=""""",
"=""3d3.(4P).4s.4p.(3P*)""","=""q 4D*""","=""7/2""",8,"=""""","=""12.7494921""","=""""",
"=""3d3.(4F).4s.4p.(1P*)""","=""s 4G*""","=""7/2""",8,"=""""","=""12.7598272""","=""""",
"=""3d3.(4F).4s.4p.(1P*)""","=""s 4G*""","=""9/2""",10,"=""""","=""12.7951446""","=""""",
"=""3d3.(4F).4s.4p.(1P*)""","=""s 4G*""","=""11/2""",12,"=""""","=""12.83404403""","=""""",
"=""3d4.(3G).5s""","=""f 4G""","=""7/2""",8,"=""""","=""12.83576433""","=""""",
"=""3d4.(3G).5s""","=""f 4G""","=""9/2""",10,"=""""","=""12.84811499""","=""""",
"=""3d4.(a 3P).4d""","=""4F""","=""3/2""",4,"=""""","=""12.8504278""","=""""",
"=""3d4.(3G).5s""","=""f 4G""","=""11/2""",12,"=""""","=""12.86174879""","=""""",
"=""3d4.(3H).4d""","=""f 4I""","=""9/2""",10,"=""""","=""12.86403076""","=""""",
"=""3d4.(a 3P).4d""","=""4F""","=""5/2""",6,"=""""","=""12.8679682""","=""""",
"=""3d4.(3H).4d""","=""f 4I""","=""11/2""",12,"=""""","=""12.87492965""","=""""",
"=""3d4.(3H).4d""","=""f 4I""","=""13/2""",14,"=""""","=""12.88794003""","=""""",
"=""3d4.(3H).4d""","=""f 4H""","=""7/2""",8,"=""""","=""12.8880677""","=""""",
"=""3d4.(3H).4d""","=""f 4H""","=""9/2""",10,"=""""","=""12.89732696""","=""""",
"=""3d4.(a 3P).4d""","=""4F""","=""7/2""",8,"=""""","=""12.89877953""","=""""",
"=""3d4.(3H).4d""","=""f 4I""","=""15/2""",16,"=""""","=""12.90302401""","=""""",
"=""3d4.(a 3P).4d""","=""4D""","=""1/2""",2,"=""""","=""12.9072524""","=""""",
"=""3d4.(3H).4d""","=""f 4H""","=""11/2""",12,"=""""","=""12.90755808""","=""""",
"=""3d4.(a 3P).4d""","=""4D""","=""3/2""",4,"=""""","=""12.9135499""","=""""",
"=""3d4.(3H).4d""","=""f 4H""","=""13/2""",14,"=""""","=""12.91797687""","=""""",
"=""3d3.(a 2D).4s.4p.(3P*)""","=""o 4D*""","=""3/2""",4,"=""""","=""12.928401""","=""""",
"=""3d4.(a 3P).4d""","=""4D""","=""5/2""",6,"=""""","=""12.93527762""","=""""",
"=""3d4.(3H).4d""","=""2G""","=""7/2""",8,"=""""","=""12.94169532""","=""""",
"=""3d4.(a 3P).4d""","=""2P""","=""3/2""",4,"=""""","=""12.9435379""","=""""",
"=""3d4.(a 3P).4d""","=""4F""","=""9/2""",10,"=""""","=""12.94360669""","=""""",
"=""3d3.(4F).4s.4p.(1P*)""","=""p 4D*""","=""1/2""",2,"=""""","=""12.9488643""","=""""",
"=""3d3.(4F).4s.4p.(1P*)""","=""r 4F*""","=""3/2""",4,"=""""","=""12.9497445""","=""""",
"=""3d4.(3H).4d""","=""a 4K""","=""11/2""",12,"=""""","=""12.95141040""","=""""",
"=""3d3.(a 2D).4s.4p.(3P*)""","=""o 4D*""","=""5/2""",6,"=""""","=""12.9523563""","=""""",
"=""3d4.(3H).4d""","=""2G""","=""9/2""",10,"=""""","=""12.95929087""","=""""",
"=""3d4.(3H).4d""","=""a 4K""","=""13/2""",14,"=""""","=""12.96130572""","=""""",
"=""3d4.(3G).5s""","=""g 2G""","=""7/2""",8,"=""""","=""12.9616939""","=""""",
"=""3d3.(4F).4s.4p.(1P*)""","=""p 4D*""","=""3/2""",4,"=""""","=""12.9707618""","=""""",
"=""3d4.(a 3P).4d""","=""4D""","=""7/2""",8,"=""""","=""12.97174306""","=""""",
"=""3d3.(4F).4s.4p.(1P*)""","=""r 4F*""","=""5/2""",6,"=""""","=""12.9724783""","=""""",
"=""3d4.(3H).4d""","=""a 4K""","=""15/2""",16,"=""""","=""12.97285017""","=""""",
"=""3d4.(a 3P).4d""","=""2P""","=""1/2""",2,"=""""","=""12.9769718""","=""""",
"=""3d4.(3G).5s""","=""g 2G""","=""9/2""",10,"=""""","=""12.9769738""","=""""",
"=""3d3.(a 2D).4s.4p.(3P*)""","=""o 4D*""","=""7/2""",8,"=""""","=""12.978763""","=""""",
"=""3d4.(3H).4d""","=""a 4K""","=""17/2""",18,"=""""","=""12.98542406""","=""""",
"=""3d4.(3H).4d""","=""4F""","=""5/2""",6,"=""""","=""13.0005465""","=""""",
"=""3d3.(4F).4s.4p.(1P*)""","=""p 4D*""","=""5/2""",6,"=""""","=""13.0021123""","=""""",
"=""3d3.(4F).4s.4p.(1P*)""","=""r 4F*""","=""7/2""",8,"=""""","=""13.0028803""","=""""",
"=""3d4.(3H).4d""","=""4F""","=""3/2""",4,"=""""","=""13.00307206""","=""""",
"=""3d4.(a 3P).4d""","=""4P""","=""5/2""",6,"=""""","=""13.0074300""","=""""",
"=""3d4.(3H).4d""","=""4F""","=""7/2""",8,"=""""","=""13.00957937""","=""""",
"=""3d4.(3H).4d""","=""2F""","=""5/2""",6,"=""""","=""13.0150199""","=""""",
"=""3d4.(a 3P).4d""","=""4P""","=""3/2""",4,"=""""","=""13.0244909""","=""""",
"=""3d4.(3H).4d""","=""4F""","=""9/2""",10,"=""""","=""13.02601610""","=""""",
"=""3d4.(5D).6s""","=""6D""","=""1/2""",2,"=""""","=""13.03060135""","=""""",
"=""3d4.(5D<0>).4f""","=""2[3]*""","=""5/2""",6,"=""""","=""13.03347189""","=""""",
"=""3d4.(3H).4d""","=""a 2K""","=""13/2""",14,"=""""","=""13.03381849""","=""""",
"=""3d4.(5D<1>).4f""","=""2[3]*""","=""5/2""",6,"=""""","=""13.03873255""","=""""",
"=""3d4.(5D).6s""","=""6D""","=""3/2""",4,"=""""","=""13.03926570""","=""""",
"=""3d4.(5D<0>).4f""","=""2[3]*""","=""7/2""",8,"=""""","=""13.03984221""","=""""",
"=""3d4.(5D<1>).4f""","=""2[3]*""","=""7/2""",8,"=""""","=""13.04280164""","=""""",
"=""3d4.(a 3F).4d""","=""g 4H""","=""7/2""",8,"=""""","=""13.04301244""","=""""",
"=""3d3.(4F).4s.4p.(1P*)""","=""r 4F*""","=""9/2""",10,"=""""","=""13.0435663""","=""""",
"=""3d3.(4F).4s.4p.(1P*)""","=""p 4D*""","=""7/2""",8,"=""""","=""13.04397011""","=""""",
"=""3d4.(3H).4d""","=""g 4G""","=""5/2""",6,"=""""","=""13.0490347""","=""""",
"=""3d4.(a 3F).4d""","=""g 4H""","=""9/2""",10,"=""""","=""13.04999461""","=""""",
"=""3d4.(5D<1>).4f""","=""2[4]*""","=""9/2""",10,"=""""","=""13.05100160""","=""""",
"=""3d4.(3H).4d""","=""g 4G""","=""7/2""",8,"=""""","=""13.05292970""","=""""",
"=""3d4.(5D<1>).4f""","=""2[4]*""","=""7/2""",8,"=""""","=""13.05336408""","=""""",
"=""3d4.(5D<1>).4f""","=""2[2]*""","=""3/2""",4,"=""""","=""13.05348276""","=""""",
"=""3d4.(5D).6s""","=""6D""","=""5/2""",6,"=""""","=""13.05371471""","=""""",
"=""3d4.(3H).4d""","=""a 2K""","=""15/2""",16,"=""""","=""13.05372811""","=""""",
"=""3d4.(5D<1>).4f""","=""2[2]*""","=""5/2""",6,"=""""","=""13.05443931""","=""""",
"=""3d4.(3H).4d""","=""2H""","=""9/2""",10,"=""""","=""13.0601523""","=""""",
"=""3d4.(a 3F).4d""","=""g 4H""","=""11/2""",12,"=""""","=""13.06023679""","=""""",
"=""3d4.(3H).4d""","=""g 4G""","=""9/2""",10,"=""""","=""13.06365748""","=""""",
"=""3d4.(5D<2>).4f""","=""2[5]*""","=""11/2""",12,"=""""","=""13.06394552""","=""""",
"=""3d4.(3H).4d""","=""2F""","=""7/2""",8,"=""""","=""13.0646789""","=""""",
"=""3d4.(5D<2>).4f""","=""2[1]*""","=""1/2""",2,"=""""","=""13.0669930""","=""""",
"=""3d4.(5D<2>).4f""","=""2[4]*""","=""9/2""",10,"=""""","=""13.06770442""","=""""",
"=""3d4.(5D<2>).4f""","=""2[5]*""","=""9/2""",10,"=""""","=""13.06879101""","=""""",
"=""3d4.(5D<2>).4f""","=""2[1]*""","=""3/2""",4,"=""""","=""13.06902297""","=""""",
"=""3d4.(5D<2>).4f""","=""2[4]*""","=""7/2""",8,"=""""","=""13.07041098""","=""""",
"=""3d4.(3H).4d""","=""g 4G""","=""11/2""",12,"=""""","=""13.07082845""","=""""",
"=""3d4.(a 3F).4d""","=""g 4H""","=""13/2""",14,"=""""","=""13.07219382""","=""""",
"=""3d4.(a 3P).4d""","=""2D""","=""3/2""",4,"=""""","=""13.0722711""","=""""",
"=""3d4.(5D<2>).4f""","=""2[3]*""","=""5/2""",6,"=""""","=""13.0726816""","=""""",
"=""3d4.(5D).6s""","=""6D""","=""7/2""",8,"=""""","=""13.07376100""","=""""",
"=""3d4.(3H).4d""","=""2H""","=""11/2""",12,"=""""","=""13.07418503""","=""""",
"=""3d4.(5D<2>).4f""","=""2[2]*""","=""3/2""",4,"=""""","=""13.07450099""","=""""",
"=""3d4.(5D<2>).4f""","=""2[3]*""","=""7/2""",8,"=""""","=""13.08126538""","=""""",
"=""3d4.(5D<3>).4f""","=""2[6]*""","=""13/2""",14,"=""""","=""13.08131857""","=""""",
"=""3d4.(5D<3>).4f""","=""2[1]*""","=""1/2""",2,"=""""","=""13.0835264""","=""""",
"=""3d4.(5D<2>).4f""","=""2[2]*""","=""5/2""",6,"=""""","=""13.08431454""","=""""",
"=""3d4.(5D<3>).4f""","=""2[0]*""","=""1/2""",2,"=""""","=""13.08587110""","=""""",
"=""3d4.(a 3F).4d""","=""4D""","=""1/2""",2,"=""""","=""13.0870888""","=""""",
"=""3d4.(5D<3>).4f""","=""2[6]*""","=""11/2""",12,"=""""","=""13.08770727""","=""""",
"=""3d4.(5D<3>).4f""","=""2[1]*""","=""3/2""",4,"=""""","=""13.08989642""","=""""",
"=""3d4.(5D<3>).4f""","=""2[2]*""","=""5/2""",6,"=""""","=""13.09214500""","=""""",
"=""3d4.(a 3P).4d""","=""2D""","=""5/2""",6,"=""""","=""13.0932563""","=""""",
"=""3d4.(5D<3>).4f""","=""2[3]*""","=""7/2""",8,"=""""","=""13.09389314""","=""""",
"=""3d4.(5D<3>).4f""","=""2[2]*""","=""3/2""",4,"=""""","=""13.09400783""","=""""",
"=""3d4.(5D<3>).4f""","=""2[4]*""","=""9/2""",10,"=""""","=""13.09564749""","=""""",
"=""3d4.(5D<3>).4f""","=""2[5]*""","=""11/2""",12,"=""""","=""13.09753223""","=""""",
"=""3d4.(a 3F).4d""","=""4D""","=""3/2""",4,"=""""","=""13.09762309""","=""""",
"=""3d4.(5D).6s""","=""6D""","=""9/2""",10,"=""""","=""13.09899567""","=""""",
"=""3d4.(5D<3>).4f""","=""2[3]*""","=""5/2""",6,"=""""","=""13.10233879""","=""""",
"=""3d4.(5D<4>).4f""","=""2[1]*""","=""1/2""",2,"=""""","=""13.1027475""","=""""",
"=""3d4.(5D<4>).4f""","=""2[7]*""","=""15/2""",16,"=""""","=""13.10297580""","=""""",
"=""3d4.(5D<4>).4f""","=""2[1]*""","=""3/2""",4,"=""""","=""13.10476458""","=""""",
"=""3d4.(5D<3>).4f""","=""2[4]*""","=""7/2""",8,"=""""","=""13.10818628""","=""""",
"=""3d4.(a 3F).4d""","=""4D""","=""5/2""",6,"=""""","=""13.10905214""","=""""",
"=""3d4.(5D<4>).4f""","=""2[7]*""","=""13/2""",14,"=""""","=""13.11040507""","=""""",
"=""3d4.(5D<4>).4f""","=""2[2]*""","=""5/2""",6,"=""""","=""13.11317699""","=""""",
"=""3d4.(a 3F).4d""","=""4D""","=""7/2""",8,"=""""","=""13.11563577""","=""""",
"=""3d4.(5D<4>).4f""","=""2[4]*""","=""9/2""",10,"=""""","=""13.11628226""","=""""",
"=""3d4.(5D<4>).4f""","=""2[2]*""","=""3/2""",4,"=""""","=""13.11786591""","=""""",
"=""3d4.(a 3F).4d""","=""4F""","=""5/2""",6,"=""""","=""13.1183987""","=""""",
"=""3d4.(a 3F).4d""","=""4F""","=""3/2""",4,"=""""","=""13.11933024""","=""""",
"=""3d4.(5D<4>).4f""","=""2[3]*""","=""7/2""",8,"=""""","=""13.12047511""","=""""",
"=""3d4.(a 3F).4d""","=""4F""","=""7/2""",8,"=""""","=""13.12576066""","=""""",
"=""3d4.(5D<3>).4f""","=""2[5]*""","=""9/2""",10,"=""""","=""13.12624893""","=""""",
"=""3d4.(5D<4>).4f""","=""2[6]*""","=""13/2""",14,"=""""","=""13.12936870""","=""""",
"=""3d4.(5D<4>).4f""","=""2[5]*""","=""11/2""",12,"=""""","=""13.12968043""","=""""",
"=""3d4.(5D<4>).4f""","=""2[3]*""","=""5/2""",6,"=""""","=""13.13029383""","=""""",
"=""3d4.(a 3F).4d""","=""4G""","=""5/2""",6,"=""""","=""13.13283283""","=""""",
"=""3d4.(5D).6s""","=""4D""","=""1/2""",2,"=""""","=""13.1328329""","=""""",
"=""3d4.(a 3F).4d""","=""4F""","=""9/2""",10,"=""""","=""13.13744623""","=""""",
"=""3d4.(5D).6s""","=""4D""","=""3/2""",4,"=""""","=""13.13990099""","=""""",
"=""3d4.(5D<4>).4f""","=""2[4]*""","=""7/2""",8,"=""""","=""13.14053262""","=""""",
"=""3d4.(a 3F).4d""","=""4G""","=""7/2""",8,"=""""","=""13.14615751""","=""""",
"=""3d4.(5D<4>).4f""","=""2[6]*""","=""11/2""",12,"=""""","=""13.14630927""","=""""",
"=""3d4.(5D<4>).4f""","=""2[5]*""","=""9/2""",10,"=""""","=""13.14796159""","=""""",
"=""3d4.(5D).6s""","=""4D""","=""5/2""",6,"=""""","=""13.15417910""","=""""",
"=""3d4.(3H).4d""","=""f 2I""","=""11/2""",12,"=""""","=""13.16033140""","=""""",
"=""3d4.(a 3F).4d""","=""4G""","=""9/2""",10,"=""""","=""13.16076587""","=""""",
"=""3d3.(2H).4s.4p.(3P*)""","=""t 2H*""","=""11/2""",12,"=""""","=""13.162539""","=""""",
"=""3d3.(2H).4s.4p.(3P*)""","=""t 2H*""","=""9/2""",10,"=""""","=""13.1628248""","=""""",
"=""3d4.(5D).6s""","=""4D""","=""7/2""",8,"=""""","=""13.17644241""","=""""",
"=""3d4.(a 3F).4d""","=""4G""","=""11/2""",12,"=""""","=""13.17870671""","=""""",
"=""3d4.(3H).4d""","=""f 2I""","=""13/2""",14,"=""""","=""13.18483867""","=""""",
"=""3d4.(a 3F).4d""","=""2P""","=""3/2""",4,"=""""","=""13.1924655""","=""""",
"=""3d4.(a 3F).4d""","=""2P""","=""1/2""",2,"=""""","=""13.2060904""","=""""",
"=""3d4.(a 3F).4d""","=""2F""","=""5/2""",6,"=""""","=""13.2087175""","=""""",
"=""3d4.(5D).5d""","=""4P""","=""3/2""",4,"=""""","=""13.2200835""","=""""",
"=""3d4.(a 3F).4d""","=""2F""","=""7/2""",8,"=""""","=""13.2279464""","=""""",
"=""3d3.(2H).4s.4p.(3P*)""","=""r 4G*""","=""5/2""",6,"=""""","=""13.231499""","=""""",
"=""3d4.(5D).5d""","=""4P""","=""5/2""",6,"=""""","=""13.23191068""","=""""",
"=""3d3.(4P).4s.4p.(3P*)""","=""w 4S*""","=""3/2""",4,"=""""","=""13.2323480""","=""""",
"=""3d3.(2H).4s.4p.(3P*)""","=""r 4G*""","=""7/2""",8,"=""""","=""13.23892551""","=""""",
"=""3d3.(2H).4s.4p.(3P*)""","=""r 4G*""","=""9/2""",10,"=""""","=""13.2405156""","=""""",
"=""3d3.(2H).4s.4p.(3P*)""","=""r 4G*""","=""11/2""",12,"=""""","=""13.2449034""","=""""",
"=""3d4.(a 3F).4d""","=""i 2G""","=""7/2""",8,"=""""","=""13.2495424""","=""""",
"=""3d4.(5D).5d""","=""6G""","=""3/2""",4,"=""""","=""13.25107943""","=""""",
"=""3d4.(a 3F).4d""","=""i 2G""","=""9/2""",10,"=""""","=""13.25688729""","=""""",
"=""3d4.(5D).5d""","=""4S""","=""3/2""",4,"=""""","=""13.25698467""","=""""",
"=""3d4.(5D).5d""","=""6G""","=""5/2""",6,"=""""","=""13.25755317""","=""""",
"=""3d4.(5D).5d""","=""6G""","=""7/2""",8,"=""""","=""13.26708417""","=""""",
"=""3d3.(a 2D).4s.4p.(3P*)""","=""o 2F*""","=""5/2""",6,"=""""","=""13.2690545""","=""""",
"=""3d4.(5D).5d""","=""6P""","=""5/2""",6,"=""""","=""13.26943945""","=""""",
"=""3d4.(5D).5d""","=""6P""","=""3/2""",4,"=""""","=""13.27331102""","=""""",
"=""3d4.(5D).5d""","=""6G""","=""9/2""",10,"=""""","=""13.28016578""","=""""",
"=""3d4.(5D).5d""","=""6P""","=""7/2""",8,"=""""","=""13.28053353""","=""""",
"=""3d4.(a 3F).4d""","=""2H""","=""9/2""",10,"=""""","=""13.28498667""","=""""",
"=""3d3.(a 2D).4s.4p.(3P*)""","=""o 2F*""","=""7/2""",8,"=""""","=""13.2852825""","=""""",
"=""3d3.(4P).4s.4p.(3P*)""","=""q 2D*""","=""3/2""",4,"=""""","=""13.2926385""","=""""",
"=""3d4.(5D).5d""","=""6G""","=""11/2""",12,"=""""","=""13.29690755""","=""""",
"=""3d4.(5D).5d""","=""6F""","=""3/2""",4,"=""""","=""13.29852239""","=""""",
"=""3d4.(a 3P).4d""","=""2F""","=""5/2""",6,"=""""","=""13.3001996""","=""""",
"=""3d4.(5D).5d""","=""6F""","=""5/2""",6,"=""""","=""13.30466035""","=""""",
"=""3d4.(5D).5d""","=""6D""","=""1/2""",2,"=""""","=""13.30626579""","=""""",
"=""3d4.(a 3F).4d""","=""2H""","=""11/2""",12,"=""""","=""13.30711828""","=""""",
"=""3d3.(4P).4s.4p.(3P*)""","=""q 2D*""","=""5/2""",6,"=""""","=""13.3103819""","=""""",
"=""3d4.(5D).5d""","=""6F""","=""7/2""",8,"=""""","=""13.31418676""","=""""",
"=""3d4.(3G).4d""","=""4G""","=""5/2""",6,"=""""","=""13.31599962""","=""""",
"=""3d4.(5D).5d""","=""6G""","=""13/2""",14,"=""""","=""13.31739444""","=""""",
"=""3d4.(5D).5d""","=""6D""","=""3/2""",4,"=""""","=""13.31771617""","=""""",
"=""3d4.(5D).5d""","=""6F""","=""9/2""",10,"=""""","=""13.32278165""","=""""",
"=""3d4.(3G).4d""","=""4G""","=""7/2""",8,"=""""","=""13.32834412""","=""""",
"=""3d4.(5D).5d""","=""4F""","=""3/2""",4,"=""""","=""13.33037300""","=""""",
"=""3d4.(5D).5d""","=""6D""","=""5/2""",6,"=""""","=""13.33070385""","=""""",
"=""3d4.(5D).5d""","=""4D""","=""5/2""",6,"=""""","=""13.34040309""","=""""",
"=""3d4.(a 3P).4d""","=""2F""","=""7/2""",8,"=""""","=""13.34046117""","=""""",
"=""3d4.(5D).5d""","=""6D""","=""7/2""",8,"=""""","=""13.34408959""","=""""",
"=""3d4.(3G).4d""","=""4G""","=""9/2""",10,"=""""","=""13.34469484""","=""""",
"=""3d4.(5D).5d""","=""6D""","=""9/2""",10,"=""""","=""13.35263388""","=""""",
"=""3d4.(5D).5d""","=""6F""","=""11/2""",12,"=""""","=""13.35325680""","=""""",
"=""3d4.(3G).4d""","=""g 4I""","=""9/2""",10,"=""""","=""13.35393399""","=""""",
"=""3d4.(5D).5d""","=""4D""","=""7/2""",8,"=""""","=""13.35511460""","=""""",
"=""3d4.(5D).5d""","=""4F""","=""5/2""",6,"=""""","=""13.35641781""","=""""",
"=""3d3.(2H).4s.4p.(3P*)""","=""q 2G*""","=""9/2""",10,"=""""","=""13.3579618""","=""""",
"=""3d4.(3G).4d""","=""g 4I""","=""11/2""",12,"=""""","=""13.36062457""","=""""",
"=""3d4.(3G).4d""","=""4G""","=""11/2""",12,"=""""","=""13.36476469""","=""""",
"=""3d4.(3G).4d""","=""h 4H""","=""7/2""",8,"=""""","=""13.36915499""","=""""",
"=""3d4.(3G).4d""","=""g 4I""","=""13/2""",14,"=""""","=""13.37128228""","=""""",
"=""3d3.(2H).4s.4p.(3P*)""","=""x 2I*""","=""11/2""",12,"=""""","=""13.371714""","=""""",
"=""3d4.(5D).5d""","=""4F""","=""7/2""",8,"=""""","=""13.37176428""","=""""",
"=""3d3.(2H).4s.4p.(3P*)""","=""q 2G*""","=""7/2""",8,"=""""","=""13.3801936""","=""""",
"=""3d4.(3G).4d""","=""h 4H""","=""9/2""",10,"=""""","=""13.38067915""","=""""",
"=""3d4.(5D).5d""","=""4F""","=""9/2""",10,"=""""","=""13.38384576""","=""""",
"=""3d4.(3G).4d""","=""g 4I""","=""15/2""",16,"=""""","=""13.38802624""","=""""",
"=""3d4.(a 3F).4d""","=""2D""","=""5/2""",6,"=""""","=""13.3888362""","=""""",
"=""3d4.(3G).4d""","=""h 4H""","=""11/2""",12,"=""""","=""13.39252287""","=""""",
"=""3d3.(2H).4s.4p.(3P*)""","=""x 2I*""","=""13/2""",14,"=""""","=""13.394122""","=""""",
"=""3d4.(3G).4d""","=""h 4H""","=""13/2""",14,"=""""","=""13.40318203""","=""""",
"=""3d4.(3D).5s""","=""4D""","=""5/2""",6,"=""""","=""13.45607102""","=""""",
"=""3d4.(3G).4d""","=""2I""","=""11/2""",12,"=""""","=""13.48557839""","=""""",
"=""3d4.(1I).5s""","=""2I""","=""13/2""",14,"=""""","=""13.5053680""","=""""",
"=""3d4.(3G).4d""","=""2F""","=""7/2""",8,"=""""","=""13.5257262""","=""""",
"=""3d4.(3G).4d""","=""2H""","=""9/2""",10,"=""""","=""13.5278751""","=""""",
"=""3d4.(1I).5s""","=""2I""","=""11/2""",12,"=""""","=""13.53127276""","=""""",
"=""3d4.(3G).4d""","=""2H""","=""11/2""",12,"=""""","=""13.5391728""","=""""",
"=""3d4.(3G).4d""","=""2I""","=""13/2""",14,"=""""","=""13.54312788""","=""""",
"=""3d4.(3D).5s""","=""2D""","=""5/2""",6,"=""""","=""13.55649747""","=""""",
"=""3d4.(5D).5d""","=""6S""","=""5/2""",6,"=""""","=""13.56317985""","=""""",
"=""3d4.(3D).5s""","=""2D""","=""3/2""",4,"=""""","=""13.5653108""","=""""",
"=""3d4.(a 3F).5d""","=""4P""","=""3/2""",4,"=""""","=""13.5696098""","=""""",
"=""3d4.(a 3F).5d""","=""4P""","=""5/2""",6,"=""""","=""13.57105099""","=""""",
"=""3d4.(a 3F).5d""","=""4P""","=""1/2""",2,"=""""","=""13.5745354""","=""""",
"=""3d4.(5D).6p""","=""6F*""","=""1/2""",2,"=""""","=""13.58431568""","=""""",
"=""3d4.(5D).6p""","=""6F*""","=""3/2""",4,"=""""","=""13.59005256""","=""""",
"=""3d4.(5D).6p""","=""4P*""","=""3/2""",4,"=""""","=""13.59627334""","=""""",
"=""3d4.(3G).4d""","=""4D""","=""1/2""",2,"=""""","=""13.5998412""","=""""",
"=""3d4.(5D).6p""","=""6F*""","=""5/2""",6,"=""""","=""13.60036073""","=""""",
"=""3d4.(3G).4d""","=""4F""","=""3/2""",4,"=""""","=""13.60300519""","=""""",
"=""3d4.(3G).4d""","=""4F""","=""5/2""",6,"=""""","=""13.6091300""","=""""",
"=""3d4.(5D).6p""","=""6P*""","=""3/2""",4,"=""""","=""13.61002901""","=""""",
"=""3d4.(5D).6p""","=""6F*""","=""7/2""",8,"=""""","=""13.61495181""","=""""",
"=""3d4.(3G).4d""","=""4F""","=""7/2""",8,"=""""","=""13.61880610""","=""""",
"=""3d4.(3G).4d""","=""4D""","=""3/2""",4,"=""""","=""13.6210867""","=""""",
"=""3d4.(5D).6p""","=""6P*""","=""5/2""",6,"=""""","=""13.62150871""","=""""",
"=""3d3.(a 2D).4s.4p.(3P*)""","=""p 2D*""","=""3/2""",4,"=""""","=""13.62765746""","=""""",
"=""3d4.(5D).6p""","=""6D*""","=""1/2""",2,"=""""","=""13.62876290""","=""""",
"=""3d3.(a 2D).4s.4p.(3P*)""","=""p 2D*""","=""5/2""",6,"=""""","=""13.631241""","=""""",
"=""3d4.(5D).6p""","=""6F*""","=""9/2""",10,"=""""","=""13.63400185""","=""""",
"=""3d4.(5D).6p""","=""4P*""","=""5/2""",6,"=""""","=""13.63503489""","=""""",
"=""3d4.(3G).4d""","=""4D""","=""5/2""",6,"=""""","=""13.63554434""","=""""",
"=""3d4.(5D).6p""","=""6D*""","=""3/2""",4,"=""""","=""13.63919208""","=""""",
"=""3d4.(3G).4d""","=""4F""","=""9/2""",10,"=""""","=""13.64371242""","=""""",
"=""3d4.(3G).4d""","=""4D""","=""7/2""",8,"=""""","=""13.64709607""","=""""",
"=""3d4.(5D).6p""","=""6P*""","=""7/2""",8,"=""""","=""13.65029363""","=""""",
"=""3d4.(5D).6p""","=""6D*""","=""5/2""",6,"=""""","=""13.65539533""","=""""",
"=""3d4.(5D).6p""","=""6F*""","=""11/2""",12,"=""""","=""13.65735229""","=""""",
"=""3d4.(5D).6p""","=""6D*""","=""7/2""",8,"=""""","=""13.67199483""","=""""",
"=""3d4.(5D).5d""","=""4G""","=""5/2""",6,"=""""","=""13.67487721""","=""""",
"=""3d4.(5D).6p""","=""4F*""","=""5/2""",6,"=""""","=""13.67731772""","=""""",
"=""3d4.(5D).5d""","=""4G""","=""7/2""",8,"=""""","=""13.67994792""","=""""",
"=""3d4.(5D).5d""","=""4G""","=""9/2""",10,"=""""","=""13.68432654""","=""""",
"=""3d4.(5D).5d""","=""4G""","=""11/2""",12,"=""""","=""13.68500672""","=""""",
"=""3d4.(5D).6p""","=""6D*""","=""9/2""",10,"=""""","=""13.68608638""","=""""",
"=""3d4.(5D).6p""","=""4F*""","=""7/2""",8,"=""""","=""13.69669508""","=""""",
"=""3d4.(5D).6p""","=""4F*""","=""9/2""",10,"=""""","=""13.72076934""","=""""",
"=""3d4.(5D).6p""","=""4D*""","=""3/2""",4,"=""""","=""13.75377121""","=""""",
"=""3d4.(5D).6p""","=""4D*""","=""5/2""",6,"=""""","=""13.77245030""","=""""",
"=""3d4.(5D).6p""","=""4D*""","=""7/2""",8,"=""""","=""13.79561625""","=""""",
"=""3d4.(a 1G).4d""","=""2H""","=""11/2""",12,"=""""","=""13.95183609""","=""""",
"=""3d4.(a 1G).4d""","=""2H""","=""9/2""",10,"=""""","=""13.9530492""","=""""",
"=""3d4.(1I).4d""","=""2K""","=""13/2""",14,"=""""","=""13.9930279""","=""""",
"=""3d4.(3D).4d""","=""2F""","=""7/2""",8,"=""""","=""14.0006472""","=""""",
"=""3d4.(3D).4d""","=""4F""","=""9/2""",10,"=""""","=""14.00803590""","=""""",
"=""3d4.(3D).4d""","=""2G""","=""9/2""",10,"=""""","=""14.0172635""","=""""",
"=""3d4.(3D).4d""","=""4G""","=""9/2""",10,"=""""","=""14.03096839""","=""""",
"=""3d4.(a 1G).4d""","=""2G""","=""7/2""",8,"=""""","=""14.08514452""","=""""",
"=""3d4.(a 1G).4d""","=""2G""","=""9/2""",10,"=""""","=""14.0917774""","=""""",
"=""3d4.(3D).4d""","=""4P""","=""3/2""",4,"=""""","=""14.0982030""","=""""",
"=""3d4.(3D).4d""","=""4P""","=""5/2""",6,"=""""","=""14.0982113""","=""""",
"=""3d4.(3D).4d""","=""4P""","=""1/2""",2,"=""""","=""14.0983415""","=""""",
"=""3d4.(3D).4d""","=""4D""","=""7/2""",8,"=""""","=""14.13382592""","=""""",
"=""3d4.(3D).4d""","=""4D""","=""5/2""",6,"=""""","=""14.13930454""","=""""",
"=""3d4.(3D).4d""","=""4D""","=""1/2""",2,"=""""","=""14.13971344""","=""""",
"=""3d4.(3D).4d""","=""4D""","=""3/2""",4,"=""""","=""14.1403516""","=""""",
"=""3d4.(5D<2>).5f""","=""2[1]*""","=""1/2""",2,"=""""","=""14.27683934""","=""""",
"=""3d4.(1I).4d""","=""2I""","=""11/2""",12,"=""""","=""14.28290812""","=""""",
"=""3d4.(5D<1>).5f""","=""2[3]*""","=""5/2""",6,"=""""","=""14.28401059""","=""""",
"=""3d4.(5D<0>).5f""","=""2[3]*""","=""7/2""",8,"=""""","=""14.28526766""","=""""",
"=""3d4.(5D).7s""","=""6D""","=""1/2""",2,"=""""","=""14.28725042""","=""""",
"=""3d4.(5D<1>).5f""","=""2[3]*""","=""7/2""",8,"=""""","=""14.28908477""","=""""",
"=""3d4.(1I).4d""","=""2H""","=""9/2""",10,"=""""","=""14.29347492""","=""""",
"=""3d4.(5D<1>).5f""","=""2[4]*""","=""9/2""",10,"=""""","=""14.29398276""","=""""",
"=""3d4.(5D<1>).5f""","=""2[2]*""","=""3/2""",4,"=""""","=""14.29518665""","=""""",
"=""3d4.(5D).7s""","=""6D""","=""3/2""",4,"=""""","=""14.29563249""","=""""",
"=""3d4.(5D<1>).5f""","=""2[4]*""","=""7/2""",8,"=""""","=""14.29650621""","=""""",
"=""3d4.(5D<1>).5f""","=""2[2]*""","=""5/2""",6,"=""""","=""14.29656424""","=""""",
"=""3d4.(5D<0>).5g""","=""2[4]""","=""7/2""",8,"=""""","=""14.30419782""","=""""",
"=""3d4.(5D<0>).5g""","=""2[4]""","=""9/2""",10,"=""""","=""14.30421233""","=""""",
"=""3d4.(5D<2>).5f""","=""2[1]*""","=""3/2""",4,"=""""","=""14.30440376""","=""""",
"=""3d4.(5D<1>).5f""","=""2[5]*""","=""9/2""",10,"=""""","=""14.30695771""","=""""",
"=""3d4.(5D<1>).5f""","=""2[5]*""","=""11/2""",12,"=""""","=""14.30737591""","=""""",
"=""3d4.(5D<2>).5f""","=""2[4]*""","=""7/2""",8,"=""""","=""14.30757602""","=""""",
"=""3d4.(5D<2>).5f""","=""2[3]*""","=""5/2""",6,"=""""","=""14.30877544""","=""""",
"=""3d4.(5D<1>).5g""","=""2[4]""","=""9/2""",10,"=""""","=""14.30923245""","=""""",
"=""3d4.(5D<1>).5g""","=""2[4]""","=""7/2""",8,"=""""","=""14.30925538""","=""""",
"=""3d4.(1I).4d""","=""2I""","=""13/2""",14,"=""""","=""14.30978170""","=""""",
"=""3d4.(5D).7s""","=""6D""","=""5/2""",6,"=""""","=""14.30998280""","=""""",
"=""3d4.(5D<2>).5f""","=""2[4]*""","=""9/2""",10,"=""""","=""14.31154562""","=""""",
"=""3d4.(5D<2>).5f""","=""2[2]*""","=""3/2""",4,"=""""","=""14.31160253""","=""""",
"=""3d4.(5D<1>).5g""","=""2[5]""","=""11/2""",12,"=""""","=""14.31321593""","=""""",
"=""3d4.(5D<1>).5g""","=""2[5]""","=""9/2""",10,"=""""","=""14.31321742""","=""""",
"=""3d4.(5D<2>).5f""","=""2[3]*""","=""7/2""",8,"=""""","=""14.31367331""","=""""",
"=""3d4.(5D<1>).5g""","=""2[3]""","=""5/2""",6,"=""""","=""14.31415363""","=""""",
"=""3d4.(5D<1>).5g""","=""2[3]""","=""7/2""",8,"=""""","=""14.31416330""","=""""",
"=""3d4.(5D<2>).5f""","=""2[2]*""","=""5/2""",6,"=""""","=""14.31542880""","=""""",
"=""3d4.(5D<3>).5f""","=""2[6]*""","=""13/2""",14,"=""""","=""14.32594291""","=""""",
"=""3d4.(1I).4d""","=""2H""","=""11/2""",12,"=""""","=""14.32613509""","=""""",
"=""3d4.(5D<2>).5g""","=""2[5]""","=""11/2""",12,"=""""","=""14.32696814""","=""""",
"=""3d4.(5D<2>).5g""","=""2[5]""","=""9/2""",10,"=""""","=""14.32698289""","=""""",
"=""3d4.(5D<2>).5g""","=""2[4]""","=""7/2""",8,"=""""","=""14.32713762""","=""""",
"=""3d4.(5D<2>).5g""","=""2[4]""","=""9/2""",10,"=""""","=""14.32715349""","=""""",
"=""3d4.(5D<2>).5g""","=""2[3]""","=""5/2""",6,"=""""","=""14.32767448""","=""""",
"=""3d4.(5D<2>).5g""","=""2[3]""","=""7/2""",8,"=""""","=""14.32768005""","=""""",
"=""3d4.(5D<2>).5g""","=""2[6]""","=""13/2""",14,"=""""","=""14.32771675""","=""""",
"=""3d4.(5D<2>).5g""","=""2[6]""","=""11/2""",12,"=""""","=""14.32773002""","=""""",
"=""3d4.(5D<2>).5g""","=""2[2]""","=""3/2""",4,"=""""","=""14.3283993""","=""""",
"=""3d4.(5D<2>).5g""","=""2[2]""","=""5/2""",6,"=""""","=""14.32842061""","=""""",
"=""3d4.(5D<3>).5f""","=""2[2]*""","=""5/2""",6,"=""""","=""14.32895709""","=""""",
"=""3d4.(5D).7s""","=""6D""","=""7/2""",8,"=""""","=""14.33028447""","=""""",
"=""3d4.(5D<3>).5f""","=""2[6]*""","=""11/2""",12,"=""""","=""14.33072845""","=""""",
"=""3d4.(5D<3>).5f""","=""2[3]*""","=""7/2""",8,"=""""","=""14.33147224""","=""""",
"=""3d4.(5D<3>).5f""","=""2[4]*""","=""9/2""",10,"=""""","=""14.33162486""","=""""",
"=""3d4.(5D<3>).5f""","=""2[5]*""","=""11/2""",12,"=""""","=""14.33243435""","=""""",
"=""3d4.(5D<3>).5f""","=""2[2]*""","=""3/2""",4,"=""""","=""14.33330162""","=""""",
"=""3d4.(5D<3>).5f""","=""2[4]*""","=""7/2""",8,"=""""","=""14.33600783""","=""""",
"=""3d4.(5D).7s""","=""4D""","=""3/2""",4,"=""""","=""14.33757585""","=""""",
"=""3d4.(5D<3>).5f""","=""2[5]*""","=""9/2""",10,"=""""","=""14.34159678""","=""""",
"=""3d4.(5D<3>).5g""","=""2[1]""","=""1/2""",2,"=""""","=""14.34735945""","=""""",
"=""3d4.(5D<3>).5g""","=""2[1]""","=""3/2""",4,"=""""","=""14.34738623""","=""""",
"=""3d4.(5D<3>).5g""","=""2[7]""","=""15/2""",16,"=""""","=""14.34789419""","=""""",
"=""3d4.(5D<3>).5g""","=""2[7]""","=""13/2""",14,"=""""","=""14.34791725""","=""""",
"=""3d4.(5D<3>).5g""","=""2[2]""","=""3/2""",4,"=""""","=""14.34808550""","=""""",
"=""3d4.(5D<3>).5g""","=""2[2]""","=""5/2""",6,"=""""","=""14.34810806""","=""""",
"=""3d4.(5D<3>).5g""","=""2[3]""","=""7/2""",8,"=""""","=""14.34892983""","=""""",
"=""3d4.(5D<3>).5g""","=""2[3]""","=""5/2""",6,"=""""","=""14.34895103""","=""""",
"=""3d4.(5D<4>).5f""","=""2[7]*""","=""15/2""",16,"=""""","=""14.34928207""","=""""",
"=""3d4.(5D<3>).5g""","=""2[4]""","=""9/2""",10,"=""""","=""14.34971391""","=""""",
"=""3d4.(5D<3>).5g""","=""2[4]""","=""7/2""",8,"=""""","=""14.34971949""","=""""",
"=""3d4.(5D<3>).5g""","=""2[6]""","=""13/2""",14,"=""""","=""14.35005288""","=""""",
"=""3d4.(5D<3>).5g""","=""2[6]""","=""11/2""",12,"=""""","=""14.35007668""","=""""",
"=""3d4.(5D<3>).5g""","=""2[5]""","=""11/2""",12,"=""""","=""14.35021046""","=""""",
"=""3d4.(5D<3>).5g""","=""2[5]""","=""9/2""",10,"=""""","=""14.35022894""","=""""",
"=""3d4.(5D<4>).5f""","=""2[2]*""","=""3/2""",4,"=""""","=""14.35086560""","=""""",
"=""3d4.(5D<4>).5f""","=""2[2]*""","=""5/2""",6,"=""""","=""14.35328465""","=""""",
"=""3d4.(5D<4>).5f""","=""2[7]*""","=""13/2""",14,"=""""","=""14.35523653""","=""""",
"=""3d4.(5D).7s""","=""6D""","=""9/2""",10,"=""""","=""14.35591870""","=""""",
"=""3d4.(5D<4>).5f""","=""2[3]*""","=""7/2""",8,"=""""","=""14.35702277""","=""""",
"=""3d4.(5D<4>).5f""","=""2[3]*""","=""5/2""",6,"=""""","=""14.35864387""","=""""",
"=""3d4.(5D).7s""","=""4D""","=""5/2""",6,"=""""","=""14.35965087""","=""""",
"=""3d4.(5D<4>).5f""","=""2[4]*""","=""9/2""",10,"=""""","=""14.36039750""","=""""",
"=""3d4.(5D<4>).5f""","=""2[6]*""","=""13/2""",14,"=""""","=""14.36189982""","=""""",
"=""3d4.(5D<4>).5f""","=""2[5]*""","=""11/2""",12,"=""""","=""14.36237579""","=""""",
"=""3d4.(5D<4>).5f""","=""2[4]*""","=""7/2""",8,"=""""","=""14.36755424""","=""""",
"=""3d4.(5D<4>).5g""","=""2[0]""","=""1/2""",2,"=""""","=""14.36980059""","=""""",
"=""3d4.(5D<4>).5g""","=""2[1]""","=""1/2""",2,"=""""","=""14.37102059""","=""""",
"=""3d4.(5D<4>).5g""","=""2[1]""","=""3/2""",4,"=""""","=""14.37102890""","=""""",
"=""3d4.(5D<4>).5f""","=""2[6]*""","=""11/2""",12,"=""""","=""14.37177082""","=""""",
"=""3d4.(5D<4>).5g""","=""2[2]""","=""3/2""",4,"=""""","=""14.37305864""","=""""",
"=""3d4.(5D<4>).5g""","=""2[2]""","=""5/2""",6,"=""""","=""14.37306782""","=""""",
"=""3d4.(5D<4>).5g""","=""2[8]""","=""17/2""",18,"=""""","=""14.37311134""","=""""",
"=""3d4.(5D<4>).5g""","=""2[8]""","=""15/2""",16,"=""""","=""14.37314022""","=""""",
"=""3d4.(5D<4>).5f""","=""2[5]*""","=""9/2""",10,"=""""","=""14.37315634""","=""""",
"=""3d3.(4P).4s.4p.(1P*)""","=""4P*""","=""1/2""",2,"=""""","=""14.37517257""","=""""",
"=""3d4.(5D<4>).5g""","=""2[3]""","=""7/2""",8,"=""""","=""14.37538930""","=""""",
"=""3d4.(5D<4>).5g""","=""2[3]""","=""5/2""",6,"=""""","=""14.37539227""","=""""",
"=""3d4.(5D<4>).5g""","=""2[4]""","=""9/2""",10,"=""""","=""14.37752976""","=""""",
"=""3d4.(5D<4>).5g""","=""2[4]""","=""7/2""",8,"=""""","=""14.37754538""","=""""",
"=""3d3.(4P).4s.4p.(1P*)""","=""4P*""","=""3/2""",4,"=""""","=""14.37801752""","=""""",
"=""3d4.(5D<4>).5g""","=""2[7]""","=""15/2""",16,"=""""","=""14.37829202""","=""""",
"=""3d4.(5D<4>).5g""","=""2[7]""","=""13/2""",14,"=""""","=""14.37833058""","=""""",
"=""3d4.(5D<4>).5g""","=""2[5]""","=""11/2""",12,"=""""","=""14.37908031""","=""""",
"=""3d4.(5D<4>).5g""","=""2[5]""","=""9/2""",10,"=""""","=""14.37910771""","=""""",
"=""3d4.(5D<4>).5g""","=""2[6]""","=""13/2""",14,"=""""","=""14.37958666""","=""""",
"=""3d4.(5D<4>).5g""","=""2[6]""","=""11/2""",12,"=""""","=""14.37962063""","=""""",
"=""3d3.(4P).4s.4p.(1P*)""","=""4P*""","=""5/2""",6,"=""""","=""14.38731608""","=""""",
"=""3d4.(5D).7s""","=""4D""","=""7/2""",8,"=""""","=""14.38809470""","=""""",
"=""3d4.(5D).6d""","=""6G""","=""3/2""",4,"=""""","=""14.40344519""","=""""",
"=""3d4.(5D).6d""","=""6G""","=""5/2""",6,"=""""","=""14.40861210""","=""""",
"=""3d4.(5D).6d""","=""6P""","=""3/2""",4,"=""""","=""14.4135678""","=""""",
"=""3d4.(5D).6d""","=""6G""","=""7/2""",8,"=""""","=""14.41711320""","=""""",
"=""3d4.(5D).6d""","=""6P""","=""5/2""",6,"=""""","=""14.41873901""","=""""",
"=""3d4.(a 1G).4d""","=""2F""","=""7/2""",8,"=""""","=""14.42289918""","=""""",
"=""3d4.(5D).6d""","=""4S""","=""3/2""",4,"=""""","=""14.42623894""","=""""",
"=""3d4.(5D).6d""","=""6F""","=""1/2""",2,"=""""","=""14.42691217""","=""""",
"=""3d4.(a 1G).4d""","=""2F""","=""5/2""",6,"=""""","=""14.4279064""","=""""",
"=""3d4.(5D).6d""","=""6P""","=""7/2""",8,"=""""","=""14.42997309""","=""""",
"=""3d4.(5D).6d""","=""6G""","=""9/2""",10,"=""""","=""14.43038038""","=""""",
"=""3d4.(5D).6d""","=""6F""","=""3/2""",4,"=""""","=""14.43537323""","=""""",
"=""3d4.(5D).6d""","=""6F""","=""5/2""",6,"=""""","=""14.44135931""","=""""",
"=""3d4.(5D).6d""","=""6G""","=""11/2""",12,"=""""","=""14.44802420""","=""""",
"=""3d4.(5D).6d""","=""6F""","=""7/2""",8,"=""""","=""14.45312727""","=""""",
"=""3d3.(2F).4s.4p.(3P*)""","=""4D*""","=""1/2""",2,"=""""","=""14.4541664""","=""""",
"=""3d4.(5D).6d""","=""6D""","=""3/2""",4,"=""""","=""14.45428268""","=""""",
"=""3d4.(5D).6d""","=""6F""","=""9/2""",10,"=""""","=""14.45675108""","=""""",
"=""3d3.(2F).4s.4p.(3P*)""","=""4D*""","=""3/2""",4,"=""""","=""14.4585603""","=""""",
"=""3d3.(2F).4s.4p.(3P*)""","=""4D*""","=""5/2""",6,"=""""","=""14.46510439""","=""""",
"=""3d4.(5D).6d""","=""6D""","=""5/2""",6,"=""""","=""14.46735792""","=""""",
"=""3d3.(2F).4s.4p.(3P*)""","=""4D*""","=""7/2""",8,"=""""","=""14.4678189""","=""""",
"=""3d4.(5D).6d""","=""6G""","=""13/2""",14,"=""""","=""14.47001974""","=""""",
"=""3d4.(5D).6d""","=""6D""","=""7/2""",8,"=""""","=""14.48014169""","=""""",
"=""3d4.(5D).6d""","=""6F""","=""11/2""",12,"=""""","=""14.48494099""","=""""",
"=""3d4.(5D).6d""","=""6D""","=""9/2""",10,"=""""","=""14.4852776""","=""""",
"=""3d4.(5D).6d""","=""4G""","=""5/2""",6,"=""""","=""14.4909117""","=""""",
"=""3d4.(5D).6d""","=""4G""","=""7/2""",8,"=""""","=""14.50432257""","=""""",
"=""3d4.(5D).6d""","=""4D""","=""5/2""",6,"=""""","=""14.51517082""","=""""",
"=""3d4.(5D).6d""","=""4G""","=""9/2""",10,"=""""","=""14.52369362""","=""""",
"=""3d4.(5D).6d""","=""4F""","=""5/2""",6,"=""""","=""14.53447045""","=""""",
"=""3d4.(5D).6d""","=""4D""","=""7/2""",8,"=""""","=""14.53880593""","=""""",
"=""3d4.(5D).6d""","=""4G""","=""11/2""",12,"=""""","=""14.54859386""","=""""",
"=""3d4.(5D).6d""","=""4P""","=""3/2""",4,"=""""","=""14.5534559""","=""""",
"=""3d4.(5D).6d""","=""4P""","=""5/2""",6,"=""""","=""14.56580721""","=""""",
"=""3d4.(5D).6d""","=""4F""","=""9/2""",10,"=""""","=""14.56670671""","=""""",
"=""3d4.(5D).6d""","=""4F""","=""7/2""",8,"=""""","=""14.57070446""","=""""",
"=""3d4.(5D).6d""","=""6S""","=""5/2""",6,"=""""","=""14.58952662""","=""""",
"=""3d3.(4P).4s.4p.(1P*)""","=""4D*""","=""3/2""",4,"=""""","=""14.70732041""","=""""",
"=""3d3.(4P).4s.4p.(1P*)""","=""4D*""","=""5/2""",6,"=""""","=""14.70950502""","=""""",
"=""3d3.(4P).4s.4p.(1P*)""","=""4D*""","=""1/2""",2,"=""""","=""14.71218419""","=""""",
"=""3d3.(4P).4s.4p.(1P*)""","=""4D*""","=""7/2""",8,"=""""","=""14.72357611""","=""""",
"=""3d3.(4P).4s.4p.(1P*)""","=""4S*""","=""3/2""",4,"=""""","=""14.84119000""","=""""",
"=""3d4.(5D).8s""","=""6D""","=""1/2""",2,"=""""","=""14.965215""","=""""",
"=""3d4.(5D).8s""","=""6D""","=""3/2""",4,"=""""","=""14.971972""","=""""",
"=""3d4.(5D<0>).6h""","=""2[5]*""","=""9/2""",10,"=""""","=""14.97351796""","=""""",
"=""3d4.(5D<0>).6h""","=""2[5]*""","=""11/2""",12,"=""""","=""14.97351970""","=""""",
"=""3d4.(5D<1>).6g""","=""2[4]""","=""9/2""",10,"=""""","=""14.9774279""","=""""",
"=""3d4.(5D<1>).6g""","=""2[5]""","=""11/2""",12,"=""""","=""14.97976664""","=""""",
"=""3d4.(5D<1>).6g""","=""2[5]""","=""9/2""",10,"=""""","=""14.9797753""","=""""",
"=""3d4.(5D<1>).6h""","=""2[5]*""","=""11/2""",12,"=""""","=""14.98028192""","=""""",
"=""3d4.(5D<1>).6h""","=""2[5]*""","=""9/2""",10,"=""""","=""14.98028551""","=""""",
"=""3d4.(5D<1>).6h""","=""2[6]*""","=""11/2""",12,"=""""","=""14.98180271""","=""""",
"=""3d4.(5D<1>).6h""","=""2[6]*""","=""13/2""",14,"=""""","=""14.98180655""","=""""",
"=""3d4.(5D<1>).6h""","=""2[4]*""","=""7/2""",8,"=""""","=""14.98190685""","=""""",
"=""3d4.(5D<1>).6h""","=""2[4]*""","=""9/2""",10,"=""""","=""14.98190834""","=""""",
"=""3d4.(5D).8s""","=""6D""","=""5/2""",6,"=""""","=""14.9860464""","=""""",
"=""3d4.(5D<2>).6g""","=""2[5]""","=""11/2""",12,"=""""","=""14.99385620""","=""""",
"=""3d4.(5D<2>).6g""","=""2[5]""","=""9/2""",10,"=""""","=""14.99386687""","=""""",
"=""3d4.(5D<2>).6g""","=""2[4]""","=""9/2""",10,"=""""","=""14.9938989""","=""""",
"=""3d4.(5D<2>).6g""","=""2[6]""","=""13/2""",14,"=""""","=""14.99447042""","=""""",
"=""3d4.(5D<2>).6g""","=""2[6]""","=""11/2""",12,"=""""","=""14.9944896""","=""""",
"=""3d4.(5D<2>).6h""","=""2[6]*""","=""11/2""",12,"=""""","=""14.99603113""","=""""",
"=""3d4.(5D<2>).6h""","=""2[5]*""","=""9/2""",10,"=""""","=""14.99603151""","=""""",
"=""3d4.(5D<2>).6h""","=""2[6]*""","=""13/2""",14,"=""""","=""14.99603237""","=""""",
"=""3d4.(5D<2>).6h""","=""2[5]*""","=""11/2""",12,"=""""","=""14.99603287""","=""""",
"=""3d4.(5D<2>).6h""","=""2[7]*""","=""13/2""",14,"=""""","=""14.99644152""","=""""",
"=""3d4.(5D<2>).6h""","=""2[7]*""","=""15/2""",16,"=""""","=""14.99644326""","=""""",
"=""3d4.(5D<2>).6h""","=""2[3]*""","=""5/2""",6,"=""""","=""14.9966242""","=""""",
"=""3d4.(5D<2>).6h""","=""2[3]*""","=""7/2""",8,"=""""","=""14.99662440""","=""""",
"=""3d4.(5D).8s""","=""6D""","=""7/2""",8,"=""""","=""15.006596""","=""""",
"=""3d4.(5D<3>).6g""","=""2[7]""","=""15/2""",16,"=""""","=""15.01519438""","=""""",
"=""3d4.(5D<3>).6g""","=""2[7]""","=""13/2""",14,"=""""","=""15.0152215""","=""""",
"=""3d4.(5D<3>).6g""","=""2[6]""","=""13/2""",14,"=""""","=""15.0162156""","=""""",
"=""3d4.(5D<3>).6g""","=""2[6]""","=""11/2""",12,"=""""","=""15.01624341""","=""""",
"=""3d4.(5D<3>).6g""","=""2[5]""","=""11/2""",12,"=""""","=""15.0163737""","=""""",
"=""3d4.(5D<3>).6g""","=""2[5]""","=""9/2""",10,"=""""","=""15.0163948""","=""""",
"=""3d4.(5D<3>).6h""","=""2[2]*""","=""5/2""",6,"=""""","=""15.01729926""","=""""",
"=""3d4.(5D<3>).6h""","=""2[8]*""","=""15/2""",16,"=""""","=""15.01746416""","=""""",
"=""3d4.(5D<3>).6h""","=""2[8]*""","=""17/2""",18,"=""""","=""15.01746614""","=""""",
"=""3d4.(5D<3>).6h""","=""2[3]*""","=""5/2""",6,"=""""","=""15.0175431""","=""""",
"=""3d4.(5D<3>).6h""","=""2[3]*""","=""7/2""",8,"=""""","=""15.01754338""","=""""",
"=""3d4.(5D<3>).6h""","=""2[4]*""","=""9/2""",10,"=""""","=""15.01780164""","=""""",
"=""3d4.(5D<3>).6h""","=""2[4]*""","=""7/2""",8,"=""""","=""15.01780202""","=""""",
"=""3d4.(5D<3>).6h""","=""2[7]*""","=""13/2""",14,"=""""","=""15.01798241""","=""""",
"=""3d4.(5D<3>).6h""","=""2[7]*""","=""15/2""",16,"=""""","=""15.01798378""","=""""",
"=""3d4.(5D<3>).6h""","=""2[5]*""","=""9/2""",10,"=""""","=""15.01801576""","=""""",
"=""3d4.(5D<3>).6h""","=""2[5]*""","=""11/2""",12,"=""""","=""15.01801713""","=""""",
"=""3d4.(5D<3>).6h""","=""2[6]*""","=""11/2""",12,"=""""","=""15.01811061""","=""""",
"=""3d4.(5D<3>).6h""","=""2[6]*""","=""13/2""",14,"=""""","=""15.01811173""","=""""",
"=""3d4.(5D).8s""","=""6D""","=""9/2""",10,"=""""","=""15.0326791""","=""""",
"=""3d4.(5D<4>).6g""","=""2[8]""","=""17/2""",18,"=""""","=""15.04120143""","=""""",
"=""3d4.(5D<4>).6g""","=""2[8]""","=""15/2""",16,"=""""","=""15.04123503""","=""""",
"=""3d4.(5D<4>).6h""","=""2[2]*""","=""5/2""",6,"=""""","=""15.0433359""","=""""",
"=""3d4.(5D<4>).6g""","=""2[4]""","=""9/2""",10,"=""""","=""15.0436261""","=""""",
"=""3d4.(5D<4>).6g""","=""2[4]""","=""7/2""",8,"=""""","=""15.043654""","=""""",
"=""3d4.(5D<4>).6h""","=""2[9]*""","=""17/2""",18,"=""""","=""15.04391594""","=""""",
"=""3d4.(5D<4>).6h""","=""2[9]*""","=""19/2""",20,"=""""","=""15.04391879""","=""""",
"=""3d4.(5D<4>).6g""","=""2[7]""","=""15/2""",16,"=""""","=""15.0440275""","=""""",
"=""3d4.(5D<4>).6g""","=""2[7]""","=""13/2""",14,"=""""","=""15.0440679""","=""""",
"=""3d4.(5D<4>).6h""","=""2[3]*""","=""7/2""",8,"=""""","=""15.04427549""","=""""",
"=""3d4.(5D<4>).6g""","=""2[5]""","=""11/2""",12,"=""""","=""15.0445432""","=""""",
"=""3d4.(5D<4>).6g""","=""2[5]""","=""9/2""",10,"=""""","=""15.0445747""","=""""",
"=""3d4.(5D<4>).6g""","=""2[6]""","=""13/2""",14,"=""""","=""15.0448275""","=""""",
"=""3d4.(5D<4>).6g""","=""2[6]""","=""11/2""",12,"=""""","=""15.0448648""","=""""",
"=""3d4.(5D<4>).6h""","=""2[8]*""","=""15/2""",16,"=""""","=""15.04544838""","=""""",
"=""3d4.(5D<4>).6h""","=""2[8]*""","=""17/2""",18,"=""""","=""15.04545000""","=""""",
"=""3d4.(5D<4>).6h""","=""2[5]*""","=""9/2""",10,"=""""","=""15.04559444""","=""""",
"=""3d4.(5D<4>).6h""","=""2[5]*""","=""11/2""",12,"=""""","=""15.04559580""","=""""",
"=""3d4.(5D<4>).6h""","=""2[6]*""","=""13/2""",14,"=""""","=""15.04599553""","=""""",
"=""3d4.(5D<4>).6h""","=""2[6]*""","=""11/2""",12,"=""""","=""15.04599639""","=""""",
"=""3d4.(5D<4>).6h""","=""2[7]*""","=""13/2""",14,"=""""","=""15.04601958""","=""""",
"=""3d4.(5D<4>).6h""","=""2[7]*""","=""15/2""",16,"=""""","=""15.04602045""","=""""",
"=""3d4.(5D).9s""","=""6D""","=""7/2""",8,"=""""","=""15.412567""","=""""",
"=""3d4.(5D).9s""","=""6D""","=""9/2""",10,"=""""","=""15.4389824""","=""""",
"=""Cr III (3d4 5D<0>)""","=""Limit""","=""---""",,"=""""","=""16.486305""","=""""",
