Configuration,Term,J,Level (eV),Uncertainty (eV),Lande,Leading percentages
"=""2s2.2p2""","=""3P""","=""0""","="" 0.0000000000""","=""0.00000016""","=""""","=""  98                                                """,
"=""2s2.2p2""","=""3P""","=""1""","="" 0.0020354130""","=""0.00000016""","=""1.5010623(50)""","=""  98                                                """,
"=""2s2.2p2""","=""3P""","=""2""","="" 0.0053825826""","=""0.00000016""","=""1.5010469(50)""","=""  98                                                """,
"=""2s2.2p2""","=""1D""","=""2""","="" 1.2637284""","=""0.0000004""","=""""","=""  98                                                """,
"=""2s2.2p2""","=""1S""","=""0""","="" 2.6840136""","=""0.0000004""","=""""","=""  94         :     4  2p4                   1S      """,
"=""2s.2p3""","=""5S*""","=""2""","="" 4.1826219""","=""0.0000022""","=""""","="" 100                                                """,
"=""2s2.2p.3s""","=""3P*""","=""0""","="" 7.48039414""","=""0.00000006""","=""""","=""  96                                                """,
"=""2s2.2p.3s""","=""3P*""","=""1""","="" 7.48277598""","=""0.00000004""","=""""","=""  96                                                """,
"=""2s2.2p.3s""","=""3P*""","=""2""","="" 7.48779869""","=""0.00000005""","=""""","=""  96                                                """,
"=""2s2.2p.3s""","=""1P*""","=""1""","="" 7.68476777""","=""0.00000005""","=""0.97""","=""  97                                                """,
"=""2s.2p3""","=""3D*""","=""3""","="" 7.945771557""","=""0.000000012""","=""""","=""  96                                                """,
"=""2s.2p3""","=""3D*""","=""1""","="" 7.94613476""","=""0.00000007""","=""""","=""  96                                                """,
"=""2s.2p3""","=""3D*""","=""2""","="" 7.94627046""","=""0.00000004""","=""""","=""  96                                                """,
"=""2s2.2p.3p""","=""1P""","=""1""","="" 8.53709962""","=""0.00000005""","=""""","=""  97                                                """,
"=""2s2.2p.3p""","=""3D""","=""1""","="" 8.64039604""","=""0.00000003""","=""""","=""  98                                                """,
"=""2s2.2p.3p""","=""3D""","=""2""","="" 8.643023685""","=""0.000000022""","=""""","=""  98                                                """,
"=""2s2.2p.3p""","=""3D""","=""3""","="" 8.647160399""","=""0.000000017""","=""""","=""  98                                                """,
"=""2s2.2p.3p""","=""3S""","=""1""","="" 8.771134696""","=""0.000000016""","=""""","=""  99                                                """,
"=""2s2.2p.3p""","=""3P""","=""0""","="" 8.84658790""","=""0.00000003""","=""""","=""  98                                                """,
"=""2s2.2p.3p""","=""3P""","=""1""","="" 8.848124381""","=""0.000000024""","=""""","=""  98                                                """,
"=""2s2.2p.3p""","=""3P""","=""2""","="" 8.850662829""","=""0.00000""","=""""","=""  98                                                """,
"=""2s2.2p.3p""","=""1D""","=""2""","="" 9.00258381""","=""0.00000003""","=""""","=""  96                                                """,
"=""2s2.2p.3p""","=""1S""","=""0""","="" 9.17184612""","=""0.00000004""","=""""","=""  88         :     9  2s2.2p.4p             1S      """,
"=""2s.2p3""","=""3P*""","=""1""","="" 9.33030708""","=""0.00000004""","=""""","=""  79         :    15  2s2.2p.3d             3P*     """,
"=""2s.2p3""","=""3P*""","=""2""","="" 9.330467271""","=""0.000000016""","=""""","=""  79         :    15  2s2.2p.3d             3P*     """,
"=""2s.2p3""","=""3P*""","=""0""","="" 9.33057587""","=""0.00000004""","=""""","=""  79         :    15  2s2.2p.3d             3P*     """,
"=""2s2.2p.3d""","=""1D*""","=""2""","="" 9.631071843""","=""0.000000024""","=""""","=""  98                                                """,
"=""2s2.2p.4s""","=""3P*""","=""0""","="" 9.68378589""","=""0.00000004""","=""""","=""  93         :     7  2s2.2p.3d             3P*     """,
"=""2s2.2p.4s""","=""3P*""","=""1""","="" 9.685245529""","=""0.000000017""","=""""","=""  92         :     7  2s2.2p.3d             3P*     """,
"=""2s2.2p.4s""","=""3P*""","=""2""","="" 9.689130559""","=""0.000000015""","=""""","=""  92         :     8  2s2.2p.3d             3P*     """,
"=""2s2.2p.3d""","=""3F*""","=""2""","="" 9.69545167""","=""0.00000003""","=""""","=""  86         :    13  2s2.2p.3d             3D*     """,
"=""2s2.2p.3d""","=""3F*""","=""3""","="" 9.697491047""","=""0.000000021""","=""""","=""  76         :    22  2s2.2p.3d             3D*     """,
"=""2s2.2p.3d""","=""3F*""","=""4""","="" 9.701759406""","=""0.000000017""","=""""","="" 100                                                """,
"=""2s2.2p.3d""","=""3D*""","=""1""","="" 9.70715841""","=""0.00000003""","=""""","=""  97                                                """,
"=""2s2.2p.3d""","=""3D*""","=""2""","="" 9.708910751""","=""0.000000021""","=""""","=""  84         :    14  2s2.2p.3d             3F*     """,
"=""2s2.2p.3d""","=""3D*""","=""3""","="" 9.710227435""","=""0.000000011""","=""""","=""  75         :    23  2s2.2p.3d             3F*     """,
"=""2s2.2p.4s""","=""1P*""","=""1""","="" 9.71295903""","=""0.00000003""","=""""","=""  80         :    18  2s2.2p.3d             1P*     """,
"=""2s2.2p.3d""","=""1F*""","=""3""","="" 9.73643528""","=""0.00000003""","=""""","=""  99                                                """,
"=""2s2.2p.3d""","=""1P*""","=""1""","="" 9.76143658""","=""0.00000005""","=""""","=""  81         :    18  2s2.2p.4s             1P*     """,
"=""2s2.2p.3d""","=""3P*""","=""2""","="" 9.833294423""","=""0.000000011""","=""""","=""  77         :    15  2s.2p3                3P*     """,
"=""2s2.2p.3d""","=""3P*""","=""1""","="" 9.83427899""","=""0.00000004""","=""""","=""  77         :    15  2s.2p3                3P*     """,
"=""2s2.2p.3d""","=""3P*""","=""0""","="" 9.83482192""","=""0.00000006""","=""""","=""  78         :    15  2s.2p3                3P*     """,
"=""2s2.2p.4p""","=""1P""","=""1""","="" 9.98852478""","=""0.00000003""","=""""","=""  96                                                """,
"=""2s2.2p.4p""","=""3D""","=""1""","="" 10.01574721""","=""0.00000003""","=""""","=""  97                                                """,
"=""2s2.2p.4p""","=""3D""","=""2""","="" 10.018083033""","=""0.000000019""","=""""","=""  98                                                """,
"=""2s2.2p.4p""","=""3D""","=""3""","="" 10.022216175""","=""0.000000016""","=""""","=""  98                                                """,
"=""2s2.2p.4p""","=""3S""","=""1""","="" 10.055746371""","=""0.000000017""","=""""","=""  89         :     9  2s2.2p.4p             3P      """,
"=""2s2.2p.4p""","=""3P""","=""0""","="" 10.08128590""","=""0.00000004""","=""""","=""  98                                                """,
"=""2s2.2p.4p""","=""3P""","=""1""","="" 10.083115460""","=""0.000000025""","=""""","=""  89         :     9  2s2.2p.4p             3S      """,
"=""2s2.2p.4p""","=""3P""","=""2""","="" 10.085377438""","=""0.000000014""","=""""","=""  98                                                """,
"=""2s2.2p.4p""","=""1D""","=""2""","="" 10.13817190""","=""0.00000003""","=""""","=""  93         :     4  2s2.2p.5p             1D      """,
"=""2s2.2p.4p""","=""1S""","=""0""","="" 10.19792602""","=""0.00000004""","=""""","=""  79         :    13  2s2.2p.5p             1S      """,
"=""2s2.2p.4d""","=""1D*""","=""2""","="" 10.35238138""","=""0.00000004""","=""""","=""  97                                                """,
"=""2s2.2p.5s""","=""3P*""","=""0""","="" 10.38244873""","=""0.00000012""","=""""","=""  94         :     6  2s2.2p.4d             3P*     """,
"=""2s2.2p.5s""","=""3P*""","=""1""","="" 10.38397899""","=""0.00000007""","=""""","=""  89         :     6  2s2.2p.4d             3P*     """,
"=""2s2.2p.5s""","=""3P*""","=""2""","="" 10.38877088""","=""0.00000006""","=""""","=""  74         :    11  2s2.2p.4d             3D*     """,
"=""2s2.2p.4d""","=""3F*""","=""2""","="" 10.38335829""","=""0.00000004""","=""""","=""  86         :    13  2s2.2p.4d             3D*     """,
"=""2s2.2p.4d""","=""3F*""","=""3""","="" 10.385074438""","=""0.000000022""","=""""","=""  78         :    19  2s2.2p.4d             3D*     """,
"=""2s2.2p.4d""","=""3F*""","=""4""","="" 10.389704212""","=""0.000000020""","=""""","="" 100                                                """,
"=""2s2.2p.4d""","=""3D*""","=""1""","="" 10.39237505""","=""0.00000010""","=""""","=""  94         :     4  2s2.2p.4d             1P*     """,
"=""2s2.2p.4d""","=""3D*""","=""2""","="" 10.39459625""","=""0.00000005""","=""""","=""  75         :    16  2s2.2p.5s             3P*     """,
"=""2s2.2p.4d""","=""3D*""","=""3""","="" 10.39593494""","=""0.00000004""","=""""","=""  80         :    20  2s2.2p.4d             3F*     """,
"=""2s2.2p.5s""","=""1P*""","=""1""","="" 10.3994604""","=""0.0000007""","=""""","=""  65         :    28  2s2.2p.4d             1P*     """,
"=""2s2.2p.(2P*<1/2>).4f""","=""2[5/2]""","=""3""","="" 10.404712177""","=""0.000000022""","=""""","=""  82         :    17  2s2.2p.(2P*<3/2>).4f  2[5/2]  """,
"=""2s2.2p.(2P*<1/2>).4f""","=""2[5/2]""","=""2""","="" 10.40472588""","=""0.00000004""","=""""","=""  82         :    18  2s2.2p.(2P*<3/2>).4f  2[5/2]  """,
"=""2s2.2p.(2P*<1/2>).4f""","=""2[7/2]""","=""3""","="" 10.40552565""","=""0.00000004""","=""""","=""  83         :    17  2s2.2p.(2P*<3/2>).4f  2[7/2]  """,
"=""2s2.2p.(2P*<1/2>).4f""","=""2[7/2]""","=""4""","="" 10.405550385""","=""0.000000016""","=""""","=""  83         :    17  2s2.2p.(2P*<3/2>).4f  2[7/2]  """,
"=""2s2.2p.4d""","=""1F*""","=""3""","="" 10.40812917""","=""0.00000005""","=""""","=""  97                                                """,
"=""2s2.2p.(2P*<3/2>).4f""","=""2[7/2]""","=""3""","="" 10.41296443""","=""0.00000003""","=""""","=""  83         :    17  2s2.2p.(2P*<1/2>).4f  2[7/2]  """,
"=""2s2.2p.(2P*<3/2>).4f""","=""2[7/2]""","=""4""","="" 10.41299796""","=""0.00000006""","=""""","=""  83         :    17  2s2.2p.(2P*<1/2>).4f  2[7/2]  """,
"=""2s2.2p.(2P*<3/2>).4f""","=""2[5/2]""","=""3""","="" 10.416318591""","=""0.000000015""","=""""","=""  82         :    17  2s2.2p.(2P*<1/2>).4f  2[5/2]  """,
"=""2s2.2p.(2P*<3/2>).4f""","=""2[5/2]""","=""2""","="" 10.41633791""","=""0.00000004""","=""""","=""  82         :    18  2s2.2p.(2P*<1/2>).4f  2[5/2]  """,
"=""2s2.2p.(2P*<3/2>).4f""","=""2[9/2]""","=""5""","="" 10.416641283""","=""0.000000022""","=""""","="" 100                                                """,
"=""2s2.2p.(2P*<3/2>).4f""","=""2[9/2]""","=""4""","="" 10.41669049""","=""0.00000006""","=""""","="" 100                                                """,
"=""2s2.2p.4d""","=""1P*""","=""1""","="" 10.41865840""","=""0.00000009""","=""""","=""  67         :    30  2s2.2p.5s             1P*     """,
"=""2s2.2p.(2P*<3/2>).4f""","=""2[3/2]""","=""1""","="" 10.41917726""","=""0.00000007""","=""""","="" 100                                                """,
"=""2s2.2p.(2P*<3/2>).4f""","=""2[3/2]""","=""2""","="" 10.41919132""","=""0.00000006""","=""""","="" 100                                                """,
"=""2s2.2p.4d""","=""3P*""","=""2""","="" 10.42745839""","=""0.00000005""","=""""","=""  87         :     9  2s2.2p.5s             3P*     """,
"=""2s2.2p.4d""","=""3P*""","=""1""","="" 10.42906912""","=""0.00000006""","=""""","=""  89         :     6  2s2.2p.5s             3P*     """,
"=""2s2.2p.4d""","=""3P*""","=""0""","="" 10.42970278""","=""0.00000022""","=""""","=""  91         :     6  2s2.2p.5s             3P*     """,
"=""2s2.2p.5p""","=""1P""","=""1""","="" 10.52024138""","=""0.00000020""","=""""","=""  90         :     6  2s2.2p.5p             3D      """,
"=""2s2.2p.5p""","=""3D""","=""1""","="" 10.5306428""","=""0.0000025""","=""""","=""  91         :     6  2s2.2p.5p             1P      """,
"=""2s2.2p.5p""","=""3D""","=""2""","="" 10.532508""","=""0.000004""","=""""","=""  97                                                """,
"=""2s2.2p.5p""","=""3D""","=""3""","="" 10.53679751""","=""0.00000025""","=""""","=""  98                                                """,
"=""2s2.2p.5p""","=""3P""","=""0""","="" 10.559692""","=""0.000004""","=""""","=""  98                                                """,
"=""2s2.2p.5p""","=""3P""","=""1""","="" 10.56208579""","=""0.00000005""","=""""","=""  68         :    30  2s2.2p.5p             3S      """,
"=""2s2.2p.5p""","=""3P""","=""2""","="" 10.56390942""","=""0.00000004""","=""""","=""  97                                                """,
"=""2s2.2p.5p""","=""1D""","=""2""","="" 10.5882298""","=""0.0000014""","=""""","=""  90         :     5  2s2.2p.6p             1D      """,
"=""2s2.2p.5p""","=""1S""","=""0""","="" 10.6161705""","=""0.0000005""","=""""","=""  72         :    17  2s2.2p.6p             1S      """,
"=""2s2.2p.5d""","=""1D*""","=""2""","="" 10.68560706""","=""0.00000009""","=""""","=""  94         :     4  2s2.2p.5d             3F*     """,
"=""2s2.2p.5d""","=""3F*""","=""2""","="" 10.702030""","=""0.000006""","=""""","=""  78         :    19  2s2.2p.5d             3D*     """,
"=""2s2.2p.5d""","=""3F*""","=""3""","="" 10.70320700""","=""0.00000017""","=""""","=""  71         :    22  2s2.2p.5d             3D*     """,
"=""2s2.2p.5d""","=""3F*""","=""4""","="" 10.7084390""","=""0.0000006""","=""""","="" 100                                                """,
"=""2s2.2p.6s""","=""3P*""","=""0""","="" 10.702560""","=""0.000004""","=""""","=""  95         :     5  2s2.2p.5d             3P*     """,
"=""2s2.2p.6s""","=""3P*""","=""1""","="" 10.7037605""","=""0.0000021""","=""""","=""  79         :     7  2s2.2p.6s             1P*     """,
"=""2s2.2p.6s""","=""3P*""","=""2""","="" 10.708468""","=""0.000003""","=""""","=""  73         :    17  2s2.2p.5d             3D*     """,
"=""2s2.2p.5d""","=""3D*""","=""1""","="" 10.707590""","=""0.000004""","=""""","=""  81         :     9  2s2.2p.5d             1P*     """,
"=""2s2.2p.5d""","=""3D*""","=""2""","="" 10.710924""","=""0.000003""","=""""","=""  61         :    17  2s2.2p.5d             3F*     """,
"=""2s2.2p.5d""","=""3D*""","=""3""","="" 10.711966""","=""0.000005""","=""""","=""  75         :    25  2s2.2p.5d             3F*     """,
"=""2s2.2p.(2P*<1/2>).5f""","=""2[5/2]""","=""3""","="" 10.71372629""","=""0.00000022""","=""""","=""  93         :     7  2s2.2p.(2P*<3/2>).5f  2[5/2]  """,
"=""2s2.2p.(2P*<1/2>).5f""","=""2[5/2]""","=""2""","="" 10.71373880""","=""0.00000020""","=""""","=""  93         :     7  2s2.2p.(2P*<3/2>).5f  2[5/2]  """,
"=""2s2.2p.(2P*<1/2>).5f""","=""2[7/2]""","=""3""","="" 10.71404072""","=""0.00000025""","=""""","=""  96                                                """,
"=""2s2.2p.(2P*<1/2>).5f""","=""2[7/2]""","=""4""","="" 10.71406552""","=""0.00000011""","=""""","=""  96                                                """,
"=""2s2.2p.6s""","=""1P*""","=""1""","="" 10.7142898""","=""0.0000022""","=""""","=""  48         :    34  2s2.2p.5d             1P*     """,
"=""2s2.2p.(2P*<1/2>).5g""","=""2[7/2]*""","=""3""","="" 10.71555641""","=""0.00000007""","=""""","=""  99                                                """,
"=""2s2.2p.(2P*<1/2>).5g""","=""2[7/2]*""","=""4""","="" 10.71555649""","=""0.00000007""","=""""","=""  99                                                """,
"=""2s2.2p.(2P*<1/2>).5g""","=""2[9/2]*""","=""5""","="" 10.71561401""","=""0.00000004""","=""""","=""  99                                                """,
"=""2s2.2p.(2P*<1/2>).5g""","=""2[9/2]*""","=""4""","="" 10.71561406""","=""0.00000005""","=""""","=""  99                                                """,
"=""2s2.2p.5d""","=""1F*""","=""3""","="" 10.718336""","=""0.000003""","=""""","=""  92         :     4  2s2.2p.5d             3F*     """,
"=""2s2.2p.(2P*<3/2>).5f""","=""2[7/2]""","=""3""","="" 10.7208571""","=""0.0000003""","=""""","=""  96                                                """,
"=""2s2.2p.(2P*<3/2>).5f""","=""2[7/2]""","=""4""","="" 10.72087957""","=""0.00000019""","=""""","=""  95         :     4  2s2.2p.(2P*<1/2>).5f  2[7/2]  """,
"=""2s2.2p.(2P*<3/2>).5f""","=""2[5/2]""","=""3""","="" 10.72248485""","=""0.00000019""","=""""","=""  93         :     7  2s2.2p.(2P*<1/2>).5f  2[5/2]  """,
"=""2s2.2p.(2P*<3/2>).5f""","=""2[5/2]""","=""2""","="" 10.7224999""","=""0.0000005""","=""""","=""  93         :     7  2s2.2p.(2P*<1/2>).5f  2[5/2]  """,
"=""2s2.2p.(2P*<3/2>).5g""","=""2[9/2]*""","=""4""","="" 10.72284670""","=""0.00000005""","=""""","=""  99                                                """,
"=""2s2.2p.(2P*<3/2>).5g""","=""2[9/2]*""","=""5""","="" 10.72284691""","=""0.00000007""","=""""","=""  99                                                """,
"=""2s2.2p.(2P*<3/2>).5f""","=""2[9/2]""","=""5""","="" 10.72314833""","=""0.00000007""","=""""","="" 100                                                """,
"=""2s2.2p.(2P*<3/2>).5f""","=""2[9/2]""","=""4""","="" 10.72318948""","=""0.00000011""","=""""","="" 100                                                """,
"=""2s2.2p.(2P*<3/2>).5g""","=""2[7/2]*""","=""3""","="" 10.72334742""","=""0.00000006""","=""""","=""  99                                                """,
"=""2s2.2p.(2P*<3/2>).5g""","=""2[7/2]*""","=""4""","="" 10.72334747""","=""0.00000007""","=""""","=""  99                                                """,
"=""2s2.2p.5d""","=""1P*""","=""1""","="" 10.7235720""","=""0.0000019""","=""""","=""  52         :    41  2s2.2p.6s             1P*     """,
"=""2s2.2p.(2P*<3/2>).5g""","=""2[11/2]*""","=""5""","="" 10.72399473""","=""0.00000006""","=""""","="" 100                                                """,
"=""2s2.2p.(2P*<3/2>).5g""","=""2[11/2]*""","=""6""","="" 10.72399516""","=""0.00000004""","=""""","="" 100                                                """,
"=""2s2.2p.(2P*<3/2>).5g""","=""2[5/2]*""","=""2""","="" 10.72443720""","=""0.00000015""","=""""","="" 100                                                """,
"=""2s2.2p.(2P*<3/2>).5g""","=""2[5/2]*""","=""3""","="" 10.72443729""","=""0.00000012""","=""""","="" 100                                                """,
"=""2s2.2p.(2P*<3/2>).5f""","=""2[3/2]""","=""1""","="" 10.7244500""","=""0.0000021""","=""""","="" 100                                                """,
"=""2s2.2p.(2P*<3/2>).5f""","=""2[3/2]""","=""2""","="" 10.7244786""","=""0.0000010""","=""""","="" 100                                                """,
"=""2s2.2p.5d""","=""3P*""","=""2""","="" 10.72546557""","=""0.00000025""","=""""","=""  80         :    15  2s2.2p.6s             3P*     """,
"=""2s2.2p.5d""","=""3P*""","=""1""","="" 10.7270516""","=""0.0000024""","=""""","=""  87         :     7  2s2.2p.6s             3P*     """,
"=""2s2.2p.5d""","=""3P*""","=""0""","="" 10.727508""","=""0.000004""","=""""","=""  93         :     5  2s2.2p.6s             3P*     """,
"=""2s2.2p.6p""","=""1P""","=""1""","="" 10.775825""","=""0.000004""","=""""","=""  71         :    25  2s2.2p.6p             3D      """,
"=""2s2.2p.6p""","=""3D""","=""1""","="" 10.781192""","=""0.000003""","=""""","=""  71         :    21  2s2.2p.6p             1P      """,
"=""2s2.2p.6p""","=""3D""","=""2""","="" 10.782347""","=""0.000003""","=""""","=""  95                                                """,
"=""2s2.2p.6p""","=""3D""","=""3""","="" 10.786912""","=""0.000004""","=""""","=""  98                                                """,
"=""2s2.2p.6p""","=""3P""","=""0""","="" 10.796222""","=""0.000003""","=""""","=""  98                                                """,
"=""2s2.2p.6p""","=""3P""","=""1""","="" 10.7994123""","=""0.0000024""","=""""","=""  54         :    44  2s2.2p.6p             3S      """,
"=""2s2.2p.6p""","=""3P""","=""2""","="" 10.800665""","=""0.000003""","=""""","=""  95                                                """,
"=""2s2.2p.6p""","=""1D""","=""2""","="" 10.8136879""","=""0.0000007""","=""""","=""  88         :     6  2s2.2p.7p             1D      """,
"=""2s2.2p.6p""","=""1S""","=""0""","="" 10.828910""","=""0.000004""","=""""","=""  65         :    22  2s2.2p.7p             1S      """,
"=""2s2.2p.6d""","=""1D*""","=""2""","="" 10.865203""","=""0.000004""","=""""","=""  84         :    12  2s2.2p.6d             3F*     """,
"=""2s2.2p.6d""","=""3F*""","=""2""","="" 10.874433""","=""0.000006""","=""""","=""  64         :    27  2s2.2p.6d             3D*     """,
"=""2s2.2p.6d""","=""3F*""","=""3""","="" 10.875078""","=""0.000006""","=""""","=""  64         :    24  2s2.2p.6d             3D*     """,
"=""2s2.2p.6d""","=""3F*""","=""4""","="" 10.880931""","=""0.000006""","=""""","="" 100                                                """,
"=""2s2.2p.7s""","=""3P*""","=""0""","="" 10.874826""","=""0.000004""","=""""","=""  96                                                """,
"=""2s2.2p.7s""","=""3P*""","=""1""","="" 10.8757182""","=""0.0000020""","=""""","=""  65         :    16  2s2.2p.7s             1P*     """,
"=""2s2.2p.7s""","=""3P*""","=""2""","="" 10.880080""","=""0.000003""","=""""","=""  71         :    15  2s2.2p.6d             3P*     """,
"=""2s2.2p.6d""","=""3D*""","=""1""","="" 10.877795""","=""0.000016""","=""""","=""  66         :    15  2s2.2p.7s             3P*     """,
"=""2s2.2p.6d""","=""3D*""","=""2""","="" 10.882479""","=""0.000003""","=""""","=""  53         :    24  2s2.2p.6d             3F*     """,
"=""2s2.2p.6d""","=""3D*""","=""3""","="" 10.882983""","=""0.000004""","=""""","=""  70         :    29  2s2.2p.6d             3F*     """,
"=""2s2.2p.(2P*<1/2>).6f""","=""2[5/2]""","=""3""","="" 10.881120""","=""0.000006""","=""""","=""  97                                                """,
"=""2s2.2p.(2P*<1/2>).6f""","=""2[5/2]""","=""2""","="" 10.881130""","=""0.000004""","=""""","=""  97                                                """,
"=""2s2.2p.(2P*<1/2>).6f""","=""2[7/2]""","=""4""","="" 10.881243""","=""0.000010""","=""""","=""  99                                                """,
"=""2s2.2p.(2P*<1/2>).6f""","=""2[7/2]""","=""3""","="" 10.881251""","=""0.000009""","=""""","=""  99                                                """,
"=""2s2.2p.(2P*<1/2>).6g""","=""2[7/2]*""","=""4""","="" 10.8820881""","=""0.0000005""","=""""","=""  99                                                """,
"=""2s2.2p.(2P*<1/2>).6g""","=""2[7/2]*""","=""3""","="" 10.8820885""","=""0.0000006""","=""""","=""  99                                                """,
"=""2s2.2p.(2P*<1/2>).6g""","=""2[9/2]*""","=""4""","="" 10.88212892""","=""0.00000007""","=""""","="" 100                                                """,
"=""2s2.2p.(2P*<1/2>).6g""","=""2[9/2]*""","=""5""","="" 10.88212892""","=""0.00000007""","=""""","="" 100                                                """,
"=""2s2.2p.(2P*<1/2>).6h""","=""2[9/2]""","=""4""","="" 10.8822615""","=""0.0000010""","=""""","="" 100                                                """,
"=""2s2.2p.(2P*<1/2>).6h""","=""2[9/2]""","=""5""","="" 10.8822616""","=""0.0000011""","=""""","="" 100                                                """,
"=""2s2.2p.(2P*<1/2>).6h""","=""2[11/2]""","=""6""","="" 10.8822625""","=""0.0000017""","=""""","="" 100                                                """,
"=""2s2.2p.(2P*<1/2>).6h""","=""2[11/2]""","=""5""","="" 10.8822625""","=""0.0000017""","=""""","="" 100                                                """,
"=""2s2.2p.7s""","=""1P*""","=""1""","="" 10.884529""","=""0.000003""","=""""","=""  51         :    38  2s2.2p.6d             1P*     """,
"=""2s2.2p.6d""","=""1F*""","=""3""","="" 10.886674""","=""0.000004""","=""""","=""  87         :     7  2s2.2p.6d             3F*     """,
"=""2s2.2p.(2P*<3/2>).6f""","=""2[7/2]""","=""3""","="" 10.888287""","=""0.000004""","=""""","=""  99                                                """,
"=""2s2.2p.(2P*<3/2>).6f""","=""2[7/2]""","=""4""","="" 10.888299""","=""0.000010""","=""""","=""  99                                                """,
"=""2s2.2p.(2P*<3/2>).6f""","=""2[5/2]""","=""3""","="" 10.889159""","=""0.000005""","=""""","=""  98                                                """,
"=""2s2.2p.(2P*<3/2>).6f""","=""2[5/2]""","=""2""","="" 10.889166""","=""0.000003""","=""""","=""  97                                                """,
"=""2s2.2p.(2P*<3/2>).6g""","=""2[9/2]*""","=""4""","="" 10.8894649""","=""0.0000021""","=""""","="" 100                                                """,
"=""2s2.2p.(2P*<3/2>).6g""","=""2[9/2]*""","=""5""","="" 10.8894664""","=""0.0000005""","=""""","="" 100                                                """,
"=""2s2.2p.6d""","=""1P*""","=""1""","="" 10.889554""","=""0.000004""","=""""","=""  40         :    31  2s2.2p.7s             1P*     """,
"=""2s2.2p.(2P*<3/2>).6f""","=""2[9/2]""","=""5""","=""[10.88969]""","=""0.00005""","=""""","="" 100                                                """,
"=""2s2.2p.(2P*<3/2>).6f""","=""2[9/2]""","=""4""","=""[10.88972]""","=""0.00005""","=""""","="" 100                                                """,
"=""2s2.2p.(2P*<3/2>).6g""","=""2[7/2]*""","=""3""","="" 10.8898224""","=""0.0000016""","=""""","="" 100                                                """,
"=""2s2.2p.(2P*<3/2>).6g""","=""2[7/2]*""","=""4""","="" 10.8898233""","=""0.0000005""","=""""","="" 100                                                """,
"=""2s2.2p.6d""","=""3P*""","=""2""","="" 10.889851""","=""0.000003""","=""""","=""  68         :    24  2s2.2p.7s             3P*     """,
"=""2s2.2p.6d""","=""3P*""","=""1""","="" 10.891259""","=""0.000004""","=""""","=""  85         :     7  2s2.2p.7s             3P*     """,
"=""2s2.2p.6d""","=""3P*""","=""0""","="" 10.89140""","=""0.00020""","=""""","=""  95         :     4  2s2.2p.7s             3P*     """,
"=""2s2.2p.(2P*<3/2>).6h""","=""2[11/2]""","=""5""","="" 10.8899154""","=""0.0000017""","=""""","="" 100                                                """,
"=""2s2.2p.(2P*<3/2>).6h""","=""2[11/2]""","=""6""","="" 10.8899156""","=""0.0000017""","=""""","="" 100                                                """,
"=""2s2.2p.(2P*<3/2>).6h""","=""2[9/2]""","=""5""","="" 10.8900234""","=""0.0000007""","=""""","="" 100                                                """,
"=""2s2.2p.(2P*<3/2>).6h""","=""2[9/2]""","=""4""","="" 10.8900234""","=""0.0000007""","=""""","="" 100                                                """,
"=""2s2.2p.(2P*<3/2>).6g""","=""2[11/2]*""","=""6""","="" 10.89023131""","=""0.00000010""","=""""","="" 100                                                """,
"=""2s2.2p.(2P*<3/2>).6g""","=""2[11/2]*""","=""5""","="" 10.8902317""","=""0.0000005""","=""""","="" 100                                                """,
"=""2s2.2p.(2P*<3/2>).6h""","=""2[13/2]""","=""6""","="" 10.8902823""","=""0.0000010""","=""""","="" 100                                                """,
"=""2s2.2p.(2P*<3/2>).6h""","=""2[13/2]""","=""7""","="" 10.8902826""","=""0.0000010""","=""""","="" 100                                                """,
"=""2s2.2p.(2P*<3/2>).6h""","=""2[7/2]""","=""3""","="" 10.8904168""","=""0.0000011""","=""""","="" 100                                                """,
"=""2s2.2p.(2P*<3/2>).6h""","=""2[7/2]""","=""4""","="" 10.8904169""","=""0.0000011""","=""""","="" 100                                                """,
"=""2s2.2p.(2P*<3/2>).6f""","=""2[3/2]""","=""2""","="" 10.890494""","=""0.000006""","=""""","="" 100                                                """,
"=""2s2.2p.(2P*<3/2>).6f""","=""2[3/2]""","=""1""","="" 10.890494""","=""0.000006""","=""""","="" 100                                                """,
"=""2s2.2p.(2P*<3/2>).6g""","=""2[5/2]*""","=""2""","="" 10.8905002""","=""0.0000024""","=""""","="" 100                                                """,
"=""2s2.2p.(2P*<3/2>).6g""","=""2[5/2]*""","=""3""","="" 10.8905002""","=""0.0000024""","=""""","="" 100                                                """,
"=""2s2.2p.7p""","=""1P""","=""1""","="" 10.918215""","=""0.000005""","=""""","=""  49         :    46  2s2.2p.7p             3D      """,
"=""2s2.2p.7p""","=""3D""","=""1""","="" 10.922016""","=""0.000005""","=""""","=""  44         :    30  2s2.2p.7p             1P      """,
"=""2s2.2p.7p""","=""3D""","=""2""","="" 10.922519""","=""0.000006""","=""""","=""  91         :     6  2s2.2p.7p             3P      """,
"=""2s2.2p.7p""","=""3D""","=""3""","="" 10.927451""","=""0.000005""","=""""","=""  98                                                """,
"=""2s2.2p.7p""","=""3P""","=""0""","="" 10.930438""","=""0.000004""","=""""","=""  98                                                """,
"=""2s2.2p.7p""","=""3P""","=""1""","="" 10.934457""","=""0.000004""","=""""","=""  50         :    48  2s2.2p.7p             3P      """,
"=""2s2.2p.7p""","=""3P""","=""2""","="" 10.935183""","=""0.000005""","=""""","=""  91         :     7  2s2.2p.7p             3D      """,
"=""2s2.2p.7p""","=""1D""","=""2""","="" 10.942892""","=""0.000004""","=""""","=""  84         :     7  2s2.2p.8p             1D      """,
"=""2s2.2p.7p""","=""1S""","=""0""","="" 10.952019""","=""0.000004""","=""""","=""  58         :    28  2s2.2p.8p             1S      """,
"=""2s2.2p.(2P*<1/2>).7d""","=""2[5/2]*""","=""2""","="" 10.972432""","=""0.000004""","=""""","=""  53         :    29  2s2.2p.(2P*<1/2>).7d  2[3/2]* """,
"=""2s2.2p.(2P*<1/2>).7d""","=""2[5/2]*""","=""3""","="" 10.978183""","=""0.000022""","=""""","=""  96                                                """,
"=""2s2.2p.(2P*<1/2>).7d""","=""2[3/2]*""","=""2""","="" 10.97799""","=""0.00021""","=""""","=""  45         :    45  2s2.2p.(2P*<1/2>).7d  2[5/2]* """,
"=""2s2.2p.(2P*<1/2>).7d""","=""2[3/2]*""","=""1""","="" 10.979870""","=""0.000016""","=""""","=""  88         :     6  2s2.2p.(2P*<1/2>).8s  2[1/2]* """,
"=""2s2.2p.(2P*<1/2>).8s""","=""2[1/2]*""","=""0""","="" 10.978030""","=""0.000004""","=""""","=""  97                                                """,
"=""2s2.2p.(2P*<1/2>).8s""","=""2[1/2]*""","=""1""","="" 10.9786886""","=""0.0000025""","=""""","=""  89         :     6  2s2.2p.(2P*<1/2>).7d  2[3/2]* """,
"=""2s2.2p.(2P*<1/2>).7f""","=""2[5/2]""","=""3""","="" 10.981887""","=""0.000007""","=""""","=""  99                                                """,
"=""2s2.2p.(2P*<1/2>).7f""","=""2[5/2]""","=""2""","="" 10.981888""","=""0.000004""","=""""","=""  99                                                """,
"=""2s2.2p.(2P*<1/2>).7f""","=""2[7/2]""","=""4""","="" 10.981945""","=""0.000010""","=""""","=""  99                                                """,
"=""2s2.2p.(2P*<1/2>).7f""","=""2[7/2]""","=""3""","="" 10.981945""","=""0.000010""","=""""","=""  99                                                """,
"=""2s2.2p.(2P*<3/2>).8s""","=""2[3/2]*""","=""2""","="" 10.983051""","=""0.000004""","=""""","=""  66         :    27  2s2.2p.(2P*<3/2>).7d  2[3/2]* """,
"=""2s2.2p.(2P*<3/2>).8s""","=""2[3/2]*""","=""1""","="" 10.986862""","=""0.000005""","=""""","=""  57         :    19  2s2.2p.(2P*<3/2>).7d  2[3/2]* """,
"=""2s2.2p.(2P*<3/2>).7d""","=""2[7/2]*""","=""4""","=""[10.984525]""","=""0.000010""","=""""","="" 100                                                """,
"=""2s2.2p.(2P*<3/2>).7d""","=""2[7/2]*""","=""3""","="" 10.988102""","=""0.000005""","=""""","=""  79         :    18  2s2.2p.(2P*<3/2>).7d  2[5/2]* """,
"=""2s2.2p.(2P*<3/2>).7d""","=""2[5/2]*""","=""2""","="" 10.985590""","=""0.000005""","=""""","=""  79         :    15  2s2.2p.(2P*<1/2>).7d  2[3/2]* """,
"=""2s2.2p.(2P*<3/2>).7d""","=""2[5/2]*""","=""3""","="" 10.985784""","=""0.000022""","=""""","=""  82         :    18  2s2.2p.(2P*<3/2>).7d  2[7/2]* """,
"=""2s2.2p.(2P*<3/2>).7f""","=""2[7/2]""","=""3""","="" 10.989219""","=""0.000004""","=""""","=""  99                                                """,
"=""2s2.2p.(2P*<3/2>).7f""","=""2[7/2]""","=""4""","="" 10.989230""","=""0.000011""","=""""","=""  99                                                """,
"=""2s2.2p.(2P*<3/2>).7f""","=""2[5/2]""","=""2""","="" 10.989751""","=""0.000009""","=""""","=""  99                                                """,
"=""2s2.2p.(2P*<3/2>).7f""","=""2[5/2]""","=""3""","="" 10.989751""","=""0.000009""","=""""","=""  99                                                """,
"=""2s2.2p.(2P*<3/2>).7d""","=""2[3/2]*""","=""1""","="" 10.989834""","=""0.000005""","=""""","=""  64         :    32  2s2.2p.(2P*<3/2>).8s  2[3/2]* """,
"=""2s2.2p.(2P*<3/2>).7d""","=""2[3/2]*""","=""2""","="" 10.98985""","=""0.00005""","=""""","=""  58         :    30  2s2.2p.(2P*<3/2>).8s  2[3/2]* """,
"=""2s2.2p.(2P*<3/2>).7f""","=""2[9/2]""","=""5""","=""[10.99013]""","=""0.00005""","=""""","="" 100                                                """,
"=""2s2.2p.(2P*<3/2>).7f""","=""2[9/2]""","=""4""","=""[10.99015]""","=""0.00005""","=""""","="" 100                                                """,
"=""2s2.2p.(2P*<3/2>).7f""","=""2[3/2]""","=""2""","="" 10.990624""","=""0.000009""","=""""","="" 100                                                """,
"=""2s2.2p.(2P*<3/2>).7f""","=""2[3/2]""","=""1""","="" 10.990625""","=""0.000009""","=""""","="" 100                                                """,
"=""2s2.2p.(2P*<3/2>).7d""","=""2[1/2]*""","=""1""","="" 10.99081""","=""0.00004""","=""""","=""  76         :    11  2s2.2p.(2P*<3/2>).7d  2[3/2]* """,
"=""2s2.2p.(2P*<3/2>).7d""","=""2[1/2]*""","=""0""","="" 10.99100""","=""0.00021""","=""""","=""  96                                                """,
"=""2s2.2p.(2P*<1/2>).8p""","=""2[3/2]""","=""1""","="" 11.005709""","=""0.000007""","=""""","=""  79         :    17  2s2.2p.(2P*<1/2>).8p  2[1/2]  """,
"=""2s2.2p.(2P*<1/2>).8p""","=""2[1/2]""","=""2""","=""[11.0084]""","=""0.0006""","=""""","=""  77         :    21  2s2.2p.(2P*<3/2>).8p  2[5/2]  """,
"=""2s2.2p.(2P*<1/2>).8p""","=""2[1/2]""","=""1""","="" 11.008664""","=""0.000005""","=""""","=""  69         :    19  2s2.2p.(2P*<1/2>).8p  2[3/2]  """,
"=""2s2.2p.(2P*<3/2>).8p""","=""2[5/2]""","=""3""","="" 11.014279""","=""0.000005""","=""""","=""  98                                                """,
"=""2s2.2p.(2P*<3/2>).8p""","=""2[5/2]""","=""2""","="" 11.023878""","=""0.000005""","=""""","=""  61         :    13  2s2.2p.(2P*<1/2>).8p  2[3/2]  """,
"=""2s2.2p.(2P*<3/2>).8p""","=""2[3/2]""","=""2""","="" 11.018972""","=""0.000004""","=""""","=""  87         :     7  2s2.2p.(2P*<3/2>).8p  2[5/2]  """,
"=""2s2.2p.(2P*<3/2>).8p""","=""2[1/2]""","=""0""","="" 11.029715""","=""0.000005""","=""""","=""  42         :    20  2s2.2p.(2P*<3/2>).9p  2[1/2]  """,
"=""2s2.2p.(2P*<1/2>).8d""","=""2[5/2]*""","=""2""","="" 11.041310""","=""0.000005""","=""""","=""  67         :    24  2s2.2p.(2P*<1/2>).8d  2[3/2]* """,
"=""2s2.2p.(2P*<1/2>).8d""","=""2[5/2]*""","=""3""","="" 11.044755""","=""0.000024""","=""""","=""  98                                                """,
"=""2s2.2p.(2P*<1/2>).8d""","=""2[3/2]*""","=""2""","="" 11.0447""","=""0.0003""","=""""","=""  62         :    32  2s2.2p.(2P*<1/2>).8d  2[5/2]* """,
"=""2s2.2p.(2P*<1/2>).8d""","=""2[3/2]*""","=""1""","="" 11.045907""","=""0.000015""","=""""","=""  89         :     8  2s2.2p.(2P*<1/2>).9s  2[1/2]* """,
"=""2s2.2p.(2P*<1/2>).9s""","=""2[1/2]*""","=""0""","="" 11.044716""","=""0.000006""","=""""","=""  98                                                """,
"=""2s2.2p.(2P*<1/2>).9s""","=""2[1/2]*""","=""1""","="" 11.045181""","=""0.000006""","=""""","=""  89         :     8  2s2.2p.(2P*<1/2>).8d  2[3/2]* """,
"=""2s2.2p.(2P*<1/2>).8f""","=""2[5/2]""","=""2""","="" 11.047216""","=""0.000004""","=""""","="" 100                                                """,
"=""2s2.2p.(2P*<1/2>).8f""","=""2[5/2]""","=""3""","="" 11.047219""","=""0.000011""","=""""","=""  99                                                """,
"=""2s2.2p.(2P*<1/2>).8f""","=""2[7/2]""","=""4""","="" 11.047224""","=""0.000011""","=""""","="" 100                                                """,
"=""2s2.2p.(2P*<1/2>).8f""","=""2[7/2]""","=""3""","="" 11.047224""","=""0.000011""","=""""","=""  99                                                """,
"=""2s2.2p.(2P*<3/2>).9s""","=""2[3/2]*""","=""2""","="" 11.04971""","=""0.00021""","=""""","=""  65         :    28  2s2.2p.(2P*<3/2>).8d  2[3/2]* """,
"=""2s2.2p.(2P*<3/2>).9s""","=""2[3/2]*""","=""1""","="" 11.053111""","=""0.000005""","=""""","=""  59         :    21  2s2.2p.(2P*<3/2>).8d  2[3/2]* """,
"=""2s2.2p.(2P*<3/2>).8d""","=""2[7/2]*""","=""4""","=""[11.051527]""","=""0.000010""","=""""","="" 100                                                """,
"=""2s2.2p.(2P*<3/2>).8d""","=""2[7/2]*""","=""3""","="" 11.053899""","=""0.000005""","=""""","=""  79         :    19  2s2.2p.(2P*<3/2>).8d  2[5/2]* """,
"=""2s2.2p.(2P*<3/2>).8d""","=""2[5/2]*""","=""2""","="" 11.052284""","=""0.000004""","=""""","=""  84         :     8  2s2.2p.(2P*<1/2>).8d  2[3/2]* """,
"=""2s2.2p.(2P*<3/2>).8d""","=""2[5/2]*""","=""3""","="" 11.052451""","=""0.000024""","=""""","=""  81         :    19  2s2.2p.(2P*<3/2>).8d  2[7/2]* """,
"=""2s2.2p.(2P*<3/2>).8f""","=""2[7/2]""","=""4""","="" 11.054698""","=""0.000011""","=""""","="" 100                                                """,
"=""2s2.2p.(2P*<3/2>).8f""","=""2[7/2]""","=""3""","="" 11.054698""","=""0.000011""","=""""","="" 100                                                """,
"=""2s2.2p.(2P*<3/2>).8d""","=""2[3/2]*""","=""2""","="" 11.05475""","=""0.00005""","=""""","=""  59         :    32  2s2.2p.(2P*<3/2>).9s  2[3/2]* """,
"=""2s2.2p.(2P*<3/2>).8d""","=""2[3/2]*""","=""1""","="" 11.055019""","=""0.000005""","=""""","=""  66         :    31  2s2.2p.(2P*<3/2>).9s  2[3/2]* """,
"=""2s2.2p.(2P*<3/2>).8f""","=""2[5/2]""","=""2""","=""[11.055041]""","=""0.000024""","=""""","="" 100                                                """,
"=""2s2.2p.(2P*<3/2>).8f""","=""2[5/2]""","=""3""","=""[11.055041]""","=""0.000024""","=""""","=""  99                                                """,
"=""2s2.2p.(2P*<3/2>).8f""","=""2[9/2]""","=""5""","=""[11.05532]""","=""0.00006""","=""""","="" 100                                                """,
"=""2s2.2p.(2P*<3/2>).8f""","=""2[9/2]""","=""4""","=""[11.05532]""","=""0.00006""","=""""","="" 100                                                """,
"=""2s2.2p.(2P*<3/2>).8d""","=""2[1/2]*""","=""0""","="" 11.05557""","=""0.00021""","=""""","=""  97                                                """,
"=""2s2.2p.(2P*<3/2>).8d""","=""2[1/2]*""","=""1""","="" 11.055672""","=""0.000024""","=""""","=""  79         :    10  2s2.2p.(2P*<3/2>).8d  2[3/2]* """,
"=""2s2.2p.(2P*<3/2>).8f""","=""2[3/2]""","=""2""","=""[11.05566]""","=""0.00003""","=""""","="" 100                                                """,
"=""2s2.2p.(2P*<3/2>).8f""","=""2[3/2]""","=""1""","=""[11.05566]""","=""0.00003""","=""""","="" 100                                                """,
"=""2s2.2p.(2P*<1/2>).9p""","=""2[3/2]""","=""1""","="" 11.063411""","=""0.000005""","=""""","=""  83         :    14  2s2.2p.(2P*<1/2>).9p  2[1/2]  """,
"=""2s2.2p.(2P*<3/2>).9p""","=""2[5/2]""","=""3""","="" 11.071681""","=""0.000005""","=""""","=""  98                                                """,
"=""2s2.2p.(2P*<3/2>).9p""","=""2[5/2]""","=""2""","="" 11.078002""","=""0.000005""","=""""","=""  60         :    11  2s2.2p.(2P*<3/2>).9p  2[3/2]  """,
"=""2s2.2p.(2P*<3/2>).9p""","=""2[1/2]""","=""0""","="" 11.081910""","=""0.000005""","=""""","=""  37         :    22  2s2.2p.(2P*<3/2>).10p 2[1/2]  """,
"=""2s2.2p.(2P*<1/2>).9d""","=""2[5/2]*""","=""2""","="" 11.088092""","=""0.000005""","=""""","=""  76         :    19  2s2.2p.(2P*<1/2>).9d  2[3/2]* """,
"=""2s2.2p.(2P*<1/2>).9d""","=""2[5/2]*""","=""3""","="" 11.090330""","=""0.000024""","=""""","=""  99                                                """,
"=""2s2.2p.(2P*<1/2>).10s""","=""2[1/2]*""","=""0""","="" 11.09021""","=""0.00021""","=""""","=""  99                                                """,
"=""2s2.2p.(2P*<1/2>).10s""","=""2[1/2]*""","=""1""","="" 11.090616""","=""0.000006""","=""""","=""  50         :    48  2s2.2p.(2P*<1/2>).9d  2[3/2]* """,
"=""2s2.2p.(2P*<1/2>).9d""","=""2[3/2]*""","=""2""","="" 11.09021""","=""0.00021""","=""""","=""  73         :    23  2s2.2p.(2P*<1/2>).9d  2[5/2]* """,
"=""2s2.2p.(2P*<1/2>).9d""","=""2[3/2]*""","=""1""","="" 11.091149""","=""0.000020""","=""""","=""  50         :    48  2s2.2p.(2P*<1/2>).10s 2[1/2]* """,
"=""2s2.2p.(2P*<3/2>).9d""","=""2[7/2]*""","=""4""","=""[11.097328]""","=""0.000011""","=""""","="" 100                                                """,
"=""2s2.2p.(2P*<3/2>).9d""","=""2[7/2]*""","=""3""","="" 11.098960""","=""0.000005""","=""""","=""  79         :    20  2s2.2p.(2P*<3/2>).9d  2[5/2]* """,
"=""2s2.2p.(2P*<3/2>).9d""","=""2[5/2]*""","=""2""","="" 11.097883""","=""0.000005""","=""""","=""  85         :     7  2s2.2p.(2P*<3/2>).9d  2[3/2]* """,
"=""2s2.2p.(2P*<3/2>).9d""","=""2[5/2]*""","=""3""","="" 11.09825""","=""0.00010""","=""""","=""  80         :    20  2s2.2p.(2P*<3/2>).9d  2[7/2]* """,
"=""2s2.2p.(2P*<3/2>).10s""","=""2[3/2]*""","=""1""","="" 11.098407""","=""0.000021""","=""""","=""  59         :    27  2s2.2p.(2P*<3/2>).9d  2[3/2]* """,
"=""2s2.2p.(2P*<3/2>).9d""","=""2[3/2]*""","=""2""","="" 11.09949""","=""0.00010""","=""""","=""  62         :    31  2s2.2p.(2P*<3/2>).10s 2[3/2]* """,
"=""2s2.2p.(2P*<3/2>).9d""","=""2[3/2]*""","=""1""","="" 11.099755""","=""0.000006""","=""""","=""  63         :    35  2s2.2p.(2P*<3/2>).10s 2[3/2]* """,
"=""2s2.2p.(2P*<3/2>).9d""","=""2[1/2]*""","=""1""","="" 11.09995""","=""0.00006""","=""""","=""  84         :     8  2s2.2p.(2P*<3/2>).9d  2[3/2]* """,
"=""2s2.2p.(2P*<3/2>).9d""","=""2[1/2]*""","=""0""","="" 11.10022""","=""0.00021""","=""""","=""  98                                                """,
"=""2s2.2p.(2P*<1/2>).10p""","=""2[3/2]""","=""1""","="" 11.103472""","=""0.000005""","=""""","=""  85         :    13  2s2.2p.(2P*<1/2>).10p 2[1/2]  """,
"=""2s2.2p.(2P*<3/2>).10p""","=""2[5/2]""","=""3""","="" 11.111599""","=""0.000005""","=""""","=""  99                                                """,
"=""2s2.2p.(2P*<3/2>).10p""","=""2[1/2]""","=""0""","="" 11.118671""","=""0.000005""","=""""","=""  32         :    31  2s2.2p.(2P*<1/2>).11p 2[1/2]  """,
"=""2s2.2p.(2P*<1/2>).10d""","=""2[5/2]*""","=""2""","="" 11.12113""","=""0.00004""","=""""","=""  82         :    15  2s2.2p.(2P*<1/2>).10d 2[3/2]* """,
"=""2s2.2p.(2P*<1/2>).10d""","=""2[5/2]*""","=""3""","="" 11.122796""","=""0.000024""","=""""","=""  99                                                """,
"=""2s2.2p.(2P*<1/2>).11s""","=""2[1/2]*""","=""1""","="" 11.12273""","=""0.00021""","=""""","=""  98                                                """,
"=""2s2.2p.(2P*<1/2>).11s""","=""2[1/2]*""","=""0""","="" 11.12287""","=""0.00021""","=""""","=""  99                                                """,
"=""2s2.2p.(2P*<1/2>).10d""","=""2[3/2]*""","=""2""","="" 11.12302""","=""0.00007""","=""""","=""  80         :    17  2s2.2p.(2P*<1/2>).10d 2[5/2]* """,
"=""2s2.2p.(2P*<1/2>).10d""","=""2[3/2]*""","=""1""","="" 11.123407""","=""0.000019""","=""""","=""  98                                                """,
"=""2s2.2p.(2P*<3/2>).10d""","=""2[7/2]*""","=""4""","=""[11.130008]""","=""0.000011""","=""""","="" 100                                                """,
"=""2s2.2p.(2P*<3/2>).10d""","=""2[7/2]*""","=""3""","="" 11.13119""","=""0.00005""","=""""","=""  79         :    20  2s2.2p.(2P*<3/2>).10d 2[5/2]* """,
"=""2s2.2p.(2P*<3/2>).10d""","=""2[5/2]*""","=""2""","="" 11.130420""","=""0.000007""","=""""","=""  86         :     9  2s2.2p.(2P*<3/2>).10d 2[3/2]* """,
"=""2s2.2p.(2P*<3/2>).10d""","=""2[5/2]*""","=""3""","="" 11.13046""","=""0.00006""","=""""","=""  80         :    20  2s2.2p.(2P*<3/2>).10d 2[7/2]* """,
"=""2s2.2p.(2P*<3/2>).10d""","=""2[3/2]*""","=""1""","="" 11.131683""","=""0.000017""","=""""","=""  75         :    23  2s2.2p.(2P*<3/2>).11s 2[3/2]* """,
"=""2s2.2p.(2P*<3/2>).10d""","=""2[3/2]*""","=""2""","="" 11.13177""","=""0.00005""","=""""","=""  51         :    43  2s2.2p.(2P*<3/2>).11s 2[3/2]* """,
"=""2s2.2p.(2P*<3/2>).10d""","=""2[1/2]*""","=""1""","="" 11.13172""","=""0.00009""","=""""","=""  61         :    23  2s2.2p.(2P*<3/2>).11s 2[3/2]* """,
"=""2s2.2p.(2P*<3/2>).10d""","=""2[1/2]*""","=""0""","="" 11.1320""","=""0.0003""","=""""","=""  98                                                """,
"=""2s2.2p.(2P*<1/2>).11p""","=""2[3/2]""","=""1""","="" 11.132446""","=""0.000014""","=""""","=""  86         :    12  2s2.2p.(2P*<1/2>).11p 2[1/2]  """,
"=""2s2.2p.(2P*<1/2>).11d""","=""2[5/2]*""","=""2""","="" 11.14563""","=""0.00015""","=""""","=""  86         :    12  2s2.2p.(2P*<1/2>).11d 2[3/2]* """,
"=""2s2.2p.(2P*<1/2>).11d""","=""2[5/2]*""","=""3""","="" 11.146806""","=""0.000024""","=""""","=""  99                                                """,
"=""2s2.2p.(2P*<1/2>).12s""","=""2[1/2]*""","=""1""","="" 11.14660""","=""0.00014""","=""""","=""  88         :    11  2s2.2p.(2P*<1/2>).11d 2[3/2]* """,
"=""2s2.2p.(2P*<1/2>).12s""","=""2[1/2]*""","=""0""","="" 11.14685""","=""0.00021""","=""""","=""  99                                                """,
"=""2s2.2p.(2P*<1/2>).11d""","=""2[3/2]*""","=""2""","="" 11.14685""","=""0.00021""","=""""","=""  85         :    13  2s2.2p.(2P*<1/2>).11d 2[5/2]* """,
"=""2s2.2p.(2P*<1/2>).11d""","=""2[3/2]*""","=""1""","="" 11.14699""","=""0.00004""","=""""","=""  88         :    11  2s2.2p.(2P*<1/2>).12s 2[1/2]* """,
"=""2s2.2p.(2P*<3/2>).11d""","=""2[5/2]*""","=""2""","="" 11.154448""","=""0.000007""","=""""","=""  85         :    11  2s2.2p.(2P*<3/2>).11d 2[3/2]* """,
"=""2s2.2p.(2P*<3/2>).11d""","=""2[5/2]*""","=""3""","="" 11.1549""","=""0.0004""","=""""","=""  79         :    21  2s2.2p.(2P*<3/2>).11d 2[7/2]* """,
"=""2s2.2p.(2P*<3/2>).12s""","=""2[3/2]*""","=""1""","="" 11.154767""","=""0.000017""","=""""","=""  61         :    22  2s2.2p.(2P*<3/2>).11d 2[3/2]* """,
"=""2s2.2p.(2P*<3/2>).11d""","=""2[7/2]*""","=""3""","="" 11.155031""","=""0.000024""","=""""","=""  79         :    21  2s2.2p.(2P*<3/2>).11d 2[5/2]* """,
"=""2s2.2p.(2P*<3/2>).11d""","=""2[3/2]*""","=""1""","="" 11.155419""","=""0.000021""","=""""","=""  68         :    31  2s2.2p.(2P*<3/2>).12s 2[3/2]* """,
"=""2s2.2p.(2P*<3/2>).11d""","=""2[3/2]*""","=""2""","="" 11.1556""","=""0.0003""","=""""","=""  59         :    34  2s2.2p.(2P*<3/2>).12s 2[3/2]* """,
"=""2s2.2p.(2P*<3/2>).11d""","=""2[1/2]*""","=""1""","="" 11.15559""","=""0.00005""","=""""","=""  82         :     9  2s2.2p.(2P*<3/2>).11d 2[3/2]* """,
"=""2s2.2p.(2P*<3/2>).11d""","=""2[1/2]*""","=""0""","="" 11.1556""","=""0.0003""","=""""","=""  98                                                """,
"=""2s2.2p.(2P*<1/2>).13s""","=""2[1/2]*""","=""1""","="" 11.16495""","=""0.00021""","=""""","=""  99                                                """,
"=""2s2.2p.(2P*<1/2>).13s""","=""2[1/2]*""","=""0""","="" 11.16498""","=""0.00021""","=""""","=""  99                                                """,
"=""2s2.2p.(2P*<1/2>).12d""","=""2[5/2]*""","=""3""","="" 11.164967""","=""0.000024""","=""""","=""  99                                                """,
"=""2s2.2p.(2P*<1/2>).12d""","=""2[3/2]*""","=""2""","="" 11.16498""","=""0.00021""","=""""","=""  88         :    10  2s2.2p.(2P*<1/2>).12d 2[5/2]* """,
"=""2s2.2p.(2P*<1/2>).12d""","=""2[3/2]*""","=""1""","="" 11.165320""","=""0.000017""","=""""","=""  99                                                """,
"=""2s2.2p.(2P*<3/2>).12d""","=""2[5/2]*""","=""2""","="" 11.17232""","=""0.00019""","=""""","=""  85         :    12  2s2.2p.(2P*<3/2>).12d 2[3/2]* """,
"=""2s2.2p.(2P*<3/2>).12d""","=""2[5/2]*""","=""3""","="" 11.17271""","=""0.00007""","=""""","=""  79         :    21  2s2.2p.(2P*<3/2>).12d 2[7/2]* """,
"=""2s2.2p.(2P*<3/2>).13s""","=""2[3/2]*""","=""1""","="" 11.17290""","=""0.00006""","=""""","=""  53         :    36  2s2.2p.(2P*<3/2>).12d 2[1/2]* """,
"=""2s2.2p.(2P*<3/2>).12d""","=""2[7/2]*""","=""3""","="" 11.17315""","=""0.00004""","=""""","=""  78         :    21  2s2.2p.(2P*<3/2>).12d 2[5/2]* """,
"=""2s2.2p.(2P*<3/2>).12d""","=""2[1/2]*""","=""0""","="" 11.1732""","=""0.0003""","=""""","=""  98                                                """,
"=""2s2.2p.(2P*<3/2>).12d""","=""2[1/2]*""","=""1""","="" 11.17327""","=""0.00017""","=""""","=""  61         :    25  2s2.2p.(2P*<3/2>).13s 2[3/2]* """,
"=""2s2.2p.(2P*<3/2>).12d""","=""2[3/2]*""","=""2""","="" 11.17327""","=""0.00017""","=""""","=""  47         :    47  2s2.2p.(2P*<3/2>).13s 2[3/2]* """,
"=""2s2.2p.(2P*<3/2>).12d""","=""2[3/2]*""","=""1""","="" 11.173440""","=""0.000019""","=""""","=""  76         :    22  2s2.2p.(2P*<3/2>).13s 2[3/2]* """,
"=""2s2.2p.(2P*<1/2>).14s""","=""2[1/2]*""","=""1""","="" 11.1788""","=""0.0003""","=""""","=""  99                                                """,
"=""2s2.2p.(2P*<1/2>).14s""","=""2[1/2]*""","=""0""","="" 11.17921""","=""0.00021""","=""""","=""  99                                                """,
"=""2s2.2p.(2P*<1/2>).13d""","=""2[5/2]*""","=""3""","="" 11.17911""","=""0.00004""","=""""","=""  99                                                """,
"=""2s2.2p.(2P*<1/2>).13d""","=""2[3/2]*""","=""2""","="" 11.17921""","=""0.00021""","=""""","=""  90         :     8  2s2.2p.(2P*<1/2>).13d 2[5/2]* """,
"=""2s2.2p.(2P*<1/2>).13d""","=""2[3/2]*""","=""1""","="" 11.179408""","=""0.000016""","=""""","=""  99                                                """,
"=""2s2.2p.(2P*<3/2>).13d""","=""2[5/2]*""","=""3""","="" 11.18693""","=""0.00021""","=""""","=""  77         :    22  2s2.2p.(2P*<3/2>).13d 2[7/2]* """,
"=""2s2.2p.(2P*<3/2>).13d""","=""2[5/2]*""","=""2""","="" 11.18697""","=""0.00012""","=""""","=""  83         :    13  2s2.2p.(2P*<3/2>).13d 2[3/2]* """,
"=""2s2.2p.(2P*<3/2>).14s""","=""2[3/2]*""","=""1""","="" 11.187064""","=""0.000024""","=""""","=""  44         :    39  2s2.2p.(2P*<3/2>).13d 2[1/2]* """,
"=""2s2.2p.(2P*<3/2>).13d""","=""2[1/2]*""","=""1""","="" 11.1871""","=""0.0004""","=""""","=""  57         :    37  2s2.2p.(2P*<3/2>).14s 2[3/2]* """,
"=""2s2.2p.(2P*<3/2>).13d""","=""2[1/2]*""","=""0""","="" 11.1871""","=""0.0004""","=""""","=""  97                                                """,
"=""2s2.2p.(2P*<3/2>).13d""","=""2[3/2]*""","=""2""","="" 11.18711""","=""0.00005""","=""""","=""  46         :    42  2s2.2p.(2P*<3/2>).14s 2[3/2]* """,
"=""2s2.2p.(2P*<3/2>).13d""","=""2[3/2]*""","=""1""","="" 11.187362""","=""0.000019""","=""""","=""  81         :    18  2s2.2p.(2P*<3/2>).14s 2[3/2]* """,
"=""2s2.2p.(2P*<3/2>).13d""","=""2[7/2]*""","=""3""","="" 11.187197""","=""0.000024""","=""""","=""  76         :    22  2s2.2p.(2P*<3/2>).13d 2[5/2]* """,
"=""2s2.2p.(2P*<1/2>).14d""","=""2[3/2]*""","=""2""","="" 11.19021""","=""0.00010""","=""""","=""  91         :     5  2s2.2p.(2P*<1/2>).14d 2[5/2]* """,
"=""2s2.2p.(2P*<1/2>).14d""","=""2[3/2]*""","=""1""","="" 11.19070""","=""0.00003""","=""""","=""  98                                                """,
"=""2s2.2p.(2P*<1/2>).15s""","=""2[1/2]*""","=""0""","="" 11.19023""","=""0.00021""","=""""","=""  98                                                """,
"=""2s2.2p.(2P*<1/2>).15s""","=""2[1/2]*""","=""1""","="" 11.19047""","=""0.00006""","=""""","=""  98                                                """,
"=""2s2.2p.(2P*<1/2>).14d""","=""2[5/2]*""","=""3""","="" 11.190390""","=""0.000024""","=""""","=""  99                                                """,
"=""2s2.2p.(2P*<3/2>).14d""","=""2[5/2]*""","=""2""","="" 11.19800""","=""0.00021""","=""""","=""  65         :    17  2s2.2p.(2P*<3/2>).14d 2[3/2]* """,
"=""2s2.2p.(2P*<3/2>).14d""","=""2[5/2]*""","=""3""","="" 11.19800""","=""0.00021""","=""""","=""  58         :    34  2s2.2p.(2P*<3/2>).14d 2[7/2]* """,
"=""2s2.2p.(2P*<3/2>).15s""","=""2[3/2]*""","=""1""","="" 11.19830""","=""0.00006""","=""""","=""  57         :    38  2s2.2p.(2P*<3/2>).14d 2[3/2]* """,
"=""2s2.2p.(2P*<3/2>).14d""","=""2[7/2]*""","=""3""","="" 11.198335""","=""0.000024""","=""""","=""  38         :    34  2s2.2p.(2P*<1/2>).15d 2[5/2]* """,
"=""2s2.2p.(2P*<3/2>).14d""","=""2[3/2]*""","=""1""","="" 11.198544""","=""0.000024""","=""""","=""  38         :    37  2s2.2p.(2P*<1/2>).15d 2[3/2]* """,
"=""2s2.2p.(2P*<3/2>).14d""","=""2[3/2]*""","=""2""","="" 11.1989""","=""0.0004""","=""""","=""  38         :    27  2s2.2p.(2P*<3/2>).14d 2[5/2]* """,
"=""2s2.2p.(2P*<3/2>).14d""","=""2[1/2]*""","=""1""","="" 11.1989""","=""0.0004""","=""""","=""  51         :    32  2s2.2p.(2P*<1/2>).16s 2[1/2]* """,
"=""2s2.2p.(2P*<3/2>).14d""","=""2[1/2]*""","=""0""","="" 11.1989""","=""0.0004""","=""""","=""  61         :    38  2s2.2p.(2P*<1/2>).16s 2[1/2]* """,
"=""2s2.2p.(2P*<1/2>).16s""","=""2[1/2]*""","=""1""","="" 11.19900""","=""0.00021""","=""""","=""  55         :    41  2s2.2p.(2P*<3/2>).14d 2[1/2]* """,
"=""2s2.2p.(2P*<1/2>).16s""","=""2[1/2]*""","=""0""","="" 11.19951""","=""0.00021""","=""""","=""  62         :    38  2s2.2p.(2P*<3/2>).14d 2[1/2]* """,
"=""2s2.2p.(2P*<1/2>).15d""","=""2[5/2]*""","=""3""","="" 11.199453""","=""0.000025""","=""""","=""  58         :    38  2s2.2p.(2P*<3/2>).14d 2[7/2]* """,
"=""2s2.2p.(2P*<1/2>).15d""","=""2[3/2]*""","=""2""","="" 11.19985""","=""0.00014""","=""""","=""  57         :    32  2s2.2p.(2P*<3/2>).14d 2[3/2]* """,
"=""2s2.2p.(2P*<1/2>).16d""","=""2[5/2]*""","=""3""","="" 11.20681""","=""0.00007""","=""""","=""  98                                                """,
"=""2s2.2p.(2P*<1/2>).17s""","=""2[1/2]*""","=""0""","="" 11.20696""","=""0.00021""","=""""","=""  98                                                """,
"=""2s2.2p.(2P*<1/2>).16d""","=""2[3/2]*""","=""2""","="" 11.20708""","=""0.00005""","=""""","=""  71         :    23  2s2.2p.(2P*<1/2>).16d 2[5/2]* """,
"=""2s2.2p.(2P*<3/2>).15d""","=""2[5/2]*""","=""3""","="" 11.20740""","=""0.00021""","=""""","=""  82         :    18  2s2.2p.(2P*<3/2>).15d 2[7/2]* """,
"=""2s2.2p.(2P*<3/2>).15d""","=""2[5/2]*""","=""2""","="" 11.20740""","=""0.00021""","=""""","=""  86         :     6  2s2.2p.(2P*<3/2>).15d 2[3/2]* """,
"=""2s2.2p.(2P*<3/2>).15d""","=""2[7/2]*""","=""3""","="" 11.207419""","=""0.000024""","=""""","=""  80         :    18  2s2.2p.(2P*<3/2>).15d 2[5/2]* """,
"=""2s2.2p.(2P*<3/2>).15d""","=""2[3/2]*""","=""1""","="" 11.20760""","=""0.00003""","=""""","=""  80         :    17  2s2.2p.(2P*<3/2>).16s 2[3/2]* """,
"=""2s2.2p.(2P*<3/2>).15d""","=""2[3/2]*""","=""2""","="" 11.2077""","=""0.0003""","=""""","=""  48         :    43  2s2.2p.(2P*<3/2>).16s 2[3/2]* """,
"=""2s2.2p.(2P*<3/2>).15d""","=""2[1/2]*""","=""0""","="" 11.2077""","=""0.0003""","=""""","=""  97                                                """,
"=""2s2.2p.(2P*<3/2>).15d""","=""2[1/2]*""","=""1""","="" 11.2077""","=""0.0003""","=""""","=""  79         :    18  2s2.2p.(2P*<3/2>).16s 2[3/2]* """,
"=""2s2.2p.(2P*<1/2>).17d""","=""2[5/2]*""","=""3""","="" 11.212923""","=""0.000024""","=""""","=""  99                                                """,
"=""2s2.2p.(2P*<3/2>).16d""","=""2[5/2]*""","=""3""","="" 11.21474""","=""0.00021""","=""""","=""  80         :    20  2s2.2p.(2P*<3/2>).16d 2[7/2]* """,
"=""2s2.2p.(2P*<3/2>).16d""","=""2[5/2]*""","=""2""","="" 11.21474""","=""0.00021""","=""""","=""  86         :    10  2s2.2p.(2P*<3/2>).16d 2[3/2]* """,
"=""2s2.2p.(2P*<3/2>).16d""","=""2[7/2]*""","=""3""","="" 11.214761""","=""0.000024""","=""""","=""  79         :    20  2s2.2p.(2P*<3/2>).16d 2[5/2]* """,
"=""2s2.2p.(2P*<3/2>).16d""","=""2[3/2]*""","=""1""","="" 11.214940""","=""0.000021""","=""""","=""  80         :    18  2s2.2p.(2P*<3/2>).17s 2[3/2]* """,
"=""2s2.2p.(2P*<1/2>).18d""","=""2[5/2]*""","=""3""","="" 11.218044""","=""0.000024""","=""""","=""  99                                                """,
"=""2s2.2p.(2P*<3/2>).17d""","=""2[5/2]*""","=""2""","="" 11.22067""","=""0.00006""","=""""","=""  82         :    13  2s2.2p.(2P*<3/2>).17d 2[3/2]* """,
"=""2s2.2p.(2P*<3/2>).17d""","=""2[5/2]*""","=""3""","="" 11.22094""","=""0.00021""","=""""","=""  77         :    23  2s2.2p.(2P*<3/2>).17d 2[7/2]* """,
"=""2s2.2p.(2P*<3/2>).17d""","=""2[7/2]*""","=""3""","="" 11.220907""","=""0.000024""","=""""","=""  73         :    23  2s2.2p.(2P*<3/2>).17d 2[5/2]* """,
"=""2s2.2p.(2P*<3/2>).17d""","=""2[3/2]*""","=""1""","="" 11.220957""","=""0.000017""","=""""","=""  82         :    16  2s2.2p.(2P*<3/2>).18s 2[3/2]* """,
"=""2s2.2p.(2P*<1/2>).19d""","=""2[5/2]*""","=""3""","="" 11.22233""","=""0.00004""","=""""","=""  96                                                """,
"=""2s2.2p.(2P*<3/2>).18d""","=""2[5/2]*""","=""3""","="" 11.22593""","=""0.00021""","=""""","=""  83         :    17  2s2.2p.(2P*<3/2>).18d 2[7/2]* """,
"=""2s2.2p.(2P*<3/2>).18d""","=""2[5/2]*""","=""2""","="" 11.22593""","=""0.00021""","=""""","=""  86         :     7  2s2.2p.(2P*<1/2>).20d 2[3/2]* """,
"=""2s2.2p.(2P*<3/2>).18d""","=""2[7/2]*""","=""3""","="" 11.22601""","=""0.00007""","=""""","=""  80         :    17  2s2.2p.(2P*<3/2>).18d 2[5/2]* """,
"=""2s2.2p.(2P*<3/2>).18d""","=""2[3/2]*""","=""1""","="" 11.226134""","=""0.000017""","=""""","=""  78         :    19  2s2.2p.(2P*<3/2>).19s 2[3/2]* """,
"=""2s2.2p.(2P*<1/2>).20d""","=""2[5/2]*""","=""3""","="" 11.22622""","=""0.00009""","=""""","=""  97                                                """,
"=""2s2.2p.(2P*<1/2>).21d""","=""2[5/2]*""","=""3""","="" 11.229286""","=""0.000024""","=""""","=""  99                                                """,
"=""2s2.2p.(2P*<3/2>).19d""","=""2[5/2]*""","=""2""","="" 11.2298""","=""0.0003""","=""""","=""  90         :     8  2s2.2p.(2P*<3/2>).19d 2[3/2]* """,
"=""2s2.2p.(2P*<3/2>).19d""","=""2[5/2]*""","=""3""","="" 11.2298""","=""0.0003""","=""""","=""  82         :    18  2s2.2p.(2P*<3/2>).19d 2[7/2]* """,
"=""2s2.2p.(2P*<3/2>).19d""","=""2[7/2]*""","=""3""","="" 11.230324""","=""0.000024""","=""""","=""  81         :    18  2s2.2p.(2P*<3/2>).19d 2[5/2]* """,
"=""2s2.2p.(2P*<3/2>).19d""","=""2[3/2]*""","=""1""","=""[11.23036]""","=""0.00025""","=""""","=""  74         :    23  2s2.2p.(2P*<3/2>).20s 2[3/2]* """,
"=""2s2.2p.(2P*<1/2>).22d""","=""2[5/2]*""","=""3""","="" 11.232035""","=""0.000024""","=""""","=""                                                    """,
"=""2s2.2p.(2P*<3/2>).20d""","=""2[5/2]*""","=""2""","="" 11.2336""","=""0.0003""","=""""","=""  88         :    10  2s2.2p.(2P*<3/2>).20d 2[3/2]* """,
"=""2s2.2p.(2P*<3/2>).20d""","=""2[5/2]*""","=""3""","="" 11.2336""","=""0.0003""","=""""","=""  80         :    20  2s2.2p.(2P*<3/2>).20d 2[7/2]* """,
"=""2s2.2p.(2P*<3/2>).20d""","=""2[7/2]*""","=""3""","="" 11.23416""","=""0.00004""","=""""","=""  80         :    20  2s2.2p.(2P*<3/2>).20d 2[5/2]* """,
"=""2s2.2p.(2P*<3/2>).20d""","=""2[3/2]*""","=""1""","="" 11.23422""","=""0.00005""","=""""","=""  76         :    23  2s2.2p.(2P*<3/2>).21s 2[3/2]* """,
"=""2s2.2p.(2P*<3/2>).21d""","=""2[7/2]*""","=""3""","="" 11.23725""","=""0.00009""","=""""","=""  80         :    20  2s2.2p.(2P*<3/2>).21d 2[5/2]* """,
"=""2s2.2p.(2P*<3/2>).22d""","=""2[7/2]*""","=""3""","="" 11.23991""","=""0.00010""","=""""","=""                                                    """,
"=""2s2.2p.(2P*<3/2>).23d""","=""2[7/2]*""","=""3""","=""[11.24237]""","=""0.00005""","=""""","=""                                                    """,
"=""2s2.2p.(2P*<3/2>).24d""","=""2[7/2]*""","=""3""","="" 11.244432""","=""0.000024""","=""""","=""                                                    """,
"=""2s2.2p.(2P*<3/2>).25d""","=""2[7/2]*""","=""3""","=""[11.24633]""","=""0.00005""","=""""","=""                                                    """,
"=""2s2.2p.(2P*<3/2>).26d""","=""2[7/2]*""","=""3""","=""[11.24798]""","=""0.00005""","=""""","=""                                                    """,
"=""2s2.2p.(2P*<3/2>).27d""","=""2[7/2]*""","=""3""","="" 11.249448""","=""0.000024""","=""""","=""                                                    """,
"=""2s2.2p.(2P*<3/2>).28d""","=""2[7/2]*""","=""3""","="" 11.250807""","=""0.000024""","=""""","=""                                                    """,
"=""2s2.2p.(2P*<3/2>).29d""","=""2[7/2]*""","=""3""","="" 11.25204""","=""0.00004""","=""""","=""                                                    """,
"=""C II (2s2.2p 2P*<1/2>)""","=""Limit""","=""---""","="" 11.2602880""","=""0.0000011""","=""""","=""                                                    """,
"=""C II (2s2.2p 2P*<3/2>)""","=""Limit""","=""---""","="" 11.2681480""","=""0.0000011""","=""""","=""                                                    """,
"=""2s.2p2.(4P).3s""","=""5P""","=""1""","="" 12.83753""","=""0.00003""","=""""","="" 100                                                """,
"=""2s.2p2.(4P).3s""","=""5P""","=""2""","="" 12.840090""","=""0.000012""","=""""","="" 100                                                """,
"=""2s.2p2.(4P).3s""","=""5P""","=""3""","="" 12.843173""","=""0.000019""","=""""","="" 100                                                """,
"=""2s.2p3""","=""1D*""","=""2""","=""[12.8648]""","=""0.0024""","=""""","=""  95                                                """,
"=""2s.2p3""","=""3S*""","=""1""","="" 13.1174190""","=""0.0000005""","=""""","=""  51         :    47  2s.2p2.(4P).3p        3S*     """,
"=""2s.2p2.(4P).3p""","=""3D*""","=""1""","="" 14.266""","=""0.005""","=""""","=""  97                                                """,
"=""2s.2p2.(4P).3p""","=""3D*""","=""2""","="" 14.267""","=""0.006""","=""""","=""  97                                                """,
"=""2s.2p2.(4P).3p""","=""3D*""","=""3""","="" 14.268""","=""0.007""","=""""","=""  97                                                """,
"=""2s.2p3""","=""1P*""","=""1""","=""[14.2841]""","=""0.0024""","=""""","=""  95                                                """,
"=""2s.2p2.(4P).4p""","=""3D*""","=""1""","="" 15.43751""","=""0.00020""","=""""","=""  97                                                """,
"=""2s.2p2.(4P).4p""","=""3D*""","=""2""","="" 15.44567""","=""0.00017""","=""""","=""  97                                                """,
"=""2s.2p2.(4P).4p""","=""3D*""","=""3""","="" 15.45108""","=""0.00020""","=""""","=""  97                                                """,
"=""2s.2p2.(4P).5p""","=""3D*""","=""1""","="" 15.89265""","=""0.00012""","=""""","=""  98                                                """,
"=""2s.2p2.(4P).5p""","=""3D*""","=""2""","="" 15.90221""","=""0.00020""","=""""","=""  98                                                """,
"=""2s.2p2.(4P).5p""","=""3D*""","=""3""","="" 15.90732""","=""0.00020""","=""""","=""  98                                                """,
"=""2s.2p2.(4P).6p""","=""3D*""","=""1""","="" 16.12639""","=""0.00016""","=""""","=""                                                    """,
"=""2s.2p2.(4P).6p""","=""3D*""","=""3""","="" 16.13719""","=""0.00021""","=""""","=""                                                    """,
"=""2s.2p2.(4P).7p""","=""3D*""","=""1""","="" 16.26169""","=""0.00019""","=""""","=""                                                    """,
"=""2s.2p2.(4P).7p""","=""3D*""","=""3""","="" 16.26881""","=""0.00021""","=""""","=""                                                    """,
"=""2s.2p2.(4P).8p""","=""3D*""","=""1""","="" 16.3454""","=""0.0003""","=""""","=""                                                    """,
"=""2s.2p2.(4P).8p""","=""3D*""","=""3""","="" 16.35114""","=""0.00021""","=""""","=""                                                    """,
"=""2s.2p2.(4P).9p""","=""3D*""","=""1""","="" 16.39853""","=""0.00019""","=""""","=""                                                    """,
"=""2s.2p2.(4P).9p""","=""3D*""","=""3""","="" 16.40627""","=""0.00021""","=""""","=""                                                    """,
"=""2s.2p2.(4P).10p""","=""3D*""","=""1""","="" 16.43706""","=""0.00022""","=""""","=""                                                    """,
"=""2s.2p2.(4P).10p""","=""3D*""","=""3""","="" 16.44433""","=""0.00022""","=""""","=""                                                    """,
"=""2s.2p2.(4P).11p""","=""3D*""","=""1""","="" 16.46565""","=""0.00022""","=""""","=""                                                    """,
"=""2s.2p2.(4P).11p""","=""3D*""","=""3""","="" 16.47228""","=""0.00022""","=""""","=""                                                    """,
"=""2s.2p2.(4P).12p""","=""3D*""","=""1""","="" 16.48645""","=""0.00022""","=""""","=""                                                    """,
"=""2s.2p2.(4P).12p""","=""3D*""","=""3""","="" 16.49286""","=""0.00022""","=""""","=""                                                    """,
"=""2s.2p2.(4P).13p""","=""3D*""","=""1""","="" 16.50202""","=""0.00022""","=""""","=""                                                    """,
"=""2s.2p2.(4P).13p""","=""3D*""","=""3""","="" 16.50933""","=""0.00022""","=""""","=""                                                    """,
"=""2s.2p2.(4P).14p""","=""3D*""","=""3""","="" 16.52164""","=""0.00022""","=""""","=""                                                    """,
